need_id,query,indicator_id,title
D09,индекс цен производителей промышленных товаров,58605,Индексы цен производителей к среднегодовому значению 2010 г.
D09,индекс цен производителей промышленных товаров,58604,Индексы цен производителей по видам товаров к предыдущему месяцу
D09,индекс цен производителей промышленных товаров,58602,Индексы цен производителей по видам экономической деятельности к предыдущему месяцу
D09,индекс цен производителей промышленных товаров,40611,Индексы цен производителей по видам экономической деятельности по 2011 г.
D09,индекс цен производителей промышленных товаров,43561,Индексы цен производителей по видам экономической деятельности с 2012 г. по 2016 г.
D09,индекс цен производителей промышленных товаров,57609,Индексы цен производителей по видам экономической деятельности с 2017 г.
D10,производство пищевых продуктов,43236,Остатки продукции в натурально-вещественном исчислении на конец отчетного месяца с 2010 г. по 2016 г. (в соответствии с ОКПД)
D10,производство пищевых продуктов,37667,Отгружено (передано) продукции в натуральном выражении с 2010 г. по 2016 г. (в соответствии с ОКПД)
D10,производство пищевых продуктов,40636,Производство основных видов продукции в натуральном выражении  с 2010 г. по 2016 г. (оперативные данные в соответствии с ОКПД)
D10,производство пищевых продуктов,40557,Производство основных видов  продукции в натуральном выражении  с 2010 по 2016 г.г. (в соответствии с ОКПД)
D10,производство пищевых продуктов,58636,Производство основных видов продукции в натуральном выражении с 2017 г. (в соответствии с ОКПД2)
D10,производство пищевых продуктов,58998,Коэффициенты концентрации  производства по видам продукции (в соответствии с ОКПД2)
D10,производство пищевых продуктов,43044,Коэффициенты концентрации производства по видам продукции (в соответствии с ОКПД)
D10,производство пищевых продуктов,62021,Остатки продукции в натурально-вещественном исчислении на конец отчетного года с 2017 г. (в соответствии с ОКПД2)
D10,производство пищевых продуктов,57789,Остатки продукции в натурально-вещественном исчислении на конец отчетного месяца с 2017 г. (оперативные данные в соответствии с ОКПД2)
D10,производство пищевых продуктов,62020,Отгружено (передано) продукции в натуральном выражении с 2017 г. (годовые данные в соответствии с ОКПД2)
D10,производство пищевых продуктов,57786,Отгружено (передано) продукции в натуральном выражении с 2017 г. (оперативные данные в соответствии с ОКПД2)
D10,производство пищевых продуктов,57783,Производство основных видов продукции в натуральном выражении  с 2017 г. (оперативные данные в соответствии с ОКПД2)
D10,производство пищевых продуктов,60765,Производство основных видов продукции в натуральном выражении с  2017 г.  (уточненные оперативные данные)
D10,производство пищевых продуктов,58235,"Выручка (нетто) от продажи товаров, продукции, работ, услуг (за минусом налога на добавленную стоимость, акцизов и иных аналогичных обязательных платежей) по данным бухгалтерской отчетности c 2017 г."
D10,производство пищевых продуктов,58018,"Выручка (нетто) от продажи товаров, продукции, работ, услуг (за минусом налога на добавленную стоимость, акцизов и иных аналогичных обязательных платежей) с 2017 г."
D10,производство пищевых продуктов,58013,Готовая продукция на конец периода c 2017 г. по 2019 г.
D10,производство пищевых продуктов,59590,Готовая продукция на конец периода c 2020 г.
D10,производство пищевых продуктов,58012,Затраты в незавершенном производстве (издержках обращения) на конец периода c 2017 г. по 2019 г.
D10,производство пищевых продуктов,59589,Затраты в незавершенном производстве (издержках обращения) на конец периода c 2020 г.
D10,производство пищевых продуктов,57723,"Затраты на производство и реализацию продукции (товаров, работ, услуг) по крупнейшим базовым организациям с 2017 г."
D10,производство пищевых продуктов,58552,"Затраты на производство и реализацию продукции (товаров, работ, услуг) с 2017 г."
D10,производство пищевых продуктов,38175,Количество использованных отходов производства и потребления
D10,производство пищевых продуктов,38174,Количество обезвреженных отходов производства и потребления
D10,производство пищевых продуктов,38177,Количество образованных отходов производства и потребления
D10,производство пищевых продуктов,38171,"Количество отходов производства и потребления, накопленных в организациях на конец отчётного года"
D10,производство пищевых продуктов,38499,"Количество отходов производства и потребления, накопленных в организациях на начало отчётного года"
D10,производство пищевых продуктов,38173,"Количество отходов производства и потребления, переданных другим организациям"
D10,производство пищевых продуктов,38176,"Количество отходов производства и потребления, поступивших от других организаций"
D10,производство пищевых продуктов,38172,"Количество отходов производства и потребления, размещённых на собственных объектах"
D10,производство пищевых продуктов,57720,Общий объем заказов на поставку продукции в последующие периоды с 2017 г.
D10,производство пищевых продуктов,57988,"Объем отгруженной продукции, выполненных работ, оказанных услуг предприятиями стран СНГ (в ценах реализации) c 2017 г."
D10,производство пищевых продуктов,58575,Отгружено товаров собственного производства на экспорт с 2017 г.
D10,производство пищевых продуктов,57711,"Отгружено товаров собственного производства, выполнено работ и услуг собственными силами (по хозяйственным видам деятельности) с 2017 г."
D10,производство пищевых продуктов,57712,"Отгружено товаров собственного производства, выполнено работ и услуг собственными силами инновационного характера с 2017 г."
D10,производство пищевых продуктов,58554,"Отгружено товаров собственного производства, выполнено работ и услуг собственными силами с 2017 г."
D10,производство пищевых продуктов,57713,Продано товаров несобственного производства средними организациями с 2017 г.
D10,производство пищевых продуктов,58010,Производственные запасы за вычетом износа на конец периода c 2017 г. по 2019 г.
D10,производство пищевых продуктов,59588,Производственные запасы за вычетом износа на конец периода c 2020 г.
D10,производство пищевых продуктов,58261,"Рентабельность (убыточность) проданных товаров, продукции, работ, услуг c 2017 г."
D10,производство пищевых продуктов,58236,"Себестоимость проданных товаров, продукции, работ, услуг по данным бухгалтерской отчетности c 2017 г."
D10,производство пищевых продуктов,58019,"Себестоимость проданных товаров, продукции, работ, услуг с 2017 г."
D10,производство пищевых продуктов,58577,"Сумма НДС, начисленная и причитающаяся к получению от покупателей за проданные товары, продукцию, выполненные работы, оказанные услуги в отчетном году с 2017 г."
D10,производство пищевых продуктов,58036,"Уровень рентабельности (убыточности) проданных товаров, продукции, работ, услуг c 2017 г."
D10,производство пищевых продуктов,40610,Индексы цен производителей по товарам и товарным группам с 2010 г. по 2016г.
D10,производство пищевых продуктов,30984,"Выручка (нетто) от продажи товаров, продукции, работ, услуг (за минусом налога на добавленную стоимость, акцизов и иных аналогичных обязательных платежей) по 2016 г."
D10,производство пищевых продуктов,37184,"Выручка (нетто) от продажи товаров, продукции, работ, услуг (за минусом налога на добавленную стоимость, акцизов и иных аналогичных обязательных платежей) по данным бухгалтерской отчетности по 2016 г."
D10,производство пищевых продуктов,31042,Готовая продукция на конец периода по 2016 г.
D10,производство пищевых продуктов,45370,"Другие расходы, связанные с производством и продажей продукции (товаров, работ, услуг) по 2016 г."
D10,производство пищевых продуктов,31045,Затраты в незавершенном производстве (издержках обращения) на конец периода по 2016 г.
D10,производство пищевых продуктов,33633,"Затраты на производство и реализацию продукции (товаров, работ, услуг) по 2016 г."
D10,производство пищевых продуктов,60019,Затраты организаций промышленного производства на инновационную деятельность
D10,производство пищевых продуктов,58760,Затраты организаций промышленного производства на технологические инновации c 2017 г.
D10,производство пищевых продуктов,45379,"Земельный налог, включаемый в себестоимость продукции (работ, услуг) по 2016 г."
D10,производство пищевых продуктов,57609,Индексы цен производителей по видам экономической деятельности с 2017 г.
D10,производство пищевых продуктов,58999,Коэффициенты концентрации  производства по видам экономической деятельности с 2017 г.
D10,производство пищевых продуктов,45381,"Налоги и сборы, включаемые в себестоимость продукции (работ, услуг) (без страховых взносов в Пенсионный фонд, ФСС, ФФОМС, ТФОМС) по 2016 г."
D10,производство пищевых продуктов,37163,Общий объем заказов на поставку продукции в последующие периоды по 2016 г.
D10,производство пищевых продуктов,31277,"Объем отгруженной продукции, выполненных работ, оказанных услуг предприятиями стран СНГ (в ценах реализации) по 2016 г."
D10,производство пищевых продуктов,45385,Обязательные страховые платежи от несчастных случаев на производстве и профессиональных заболеваниях  по 2016 г.
D10,производство пищевых продуктов,58761,"Отгружено инновационных товаров  собственного производства, выполнено работ и услуг собственными силами (без НДС, акцизов и других аналогичных платежей) c 2017 г."
D10,производство пищевых продуктов,58763,"Отгружено товаров собственного производства, выполнено работ и услуг  собственными силами (без НДС, акцизов и других аналогичных платежей) c 2017 г."
D10,производство пищевых продуктов,58464,"Отгружено товаров собственного производства, выполнено работ и услуг собственными силами (без НДС, акцизов и аналогичных обязательных платежей) по &laquo;чистым&raquo; видам деятельности с 2017 г."
D10,производство пищевых продуктов,33419,"Отгружено товаров собственного производства, выполнено работ и услуг собственными силами (без НДС,акцизов и аналогичных обязательных платежей) по &quot;чистым&quot; видам деятельности по 2016 г."
D10,производство пищевых продуктов,57716,"Отгружено товаров собственного производства, выполнено работ и услуг собственными силами (без НДС,акцизов и аналогичных обязательных платежей) по &quot;чистым&quot; видам деятельности с 2017 г."
D10,производство пищевых продуктов,45433,"Отгружено товаров собственного производства, выполнено работ и услуг собственными силами по 2016 г."
D10,производство пищевых продуктов,45399,"Покупная стоимость сырья, материалов, топлива, комплектующих изделий, приобретенных для производства продукции, но проданных на сторону без переработки (обработки) по 2016 г."
D10,производство пищевых продуктов,31361,Продано товаров несобственного производства средними организациями по Российской Федерации по 2016 г.
D10,производство пищевых продуктов,31047,Производственные запасы за вычетом износа на конец периода по 2016 г.
D10,производство пищевых продуктов,45410,"Расходы на приобретение импортного сырья, материалов, покупных изделий для производства и продажи продукции (товаров, работ, услуг) по 2016 г."
D10,производство пищевых продуктов,45412,"Расходы на приобретение сырья, материалов, покупных полуфабрикатов и комплектующих изделий для производства и продажи продукции (товаров, работ, услуг) по 2016 г."
D10,производство пищевых продуктов,43218,"Рентабельность(убыточность) проданных товаров, продукции, работ, услуг по 2016 г."
D10,производство пищевых продуктов,31435,"Себестоимость проданных товаров, продукции, работ, услуг по 2016 г."
D10,производство пищевых продуктов,37183,"Себестоимость проданных товаров, продукции, работ, услуг по данным бухгалтерской отчетности по 2016 г."
D10,производство пищевых продуктов,45366,"Сумма НДС, начисленная и причитающаяся к получению от покупателей за проданные товары, продукцию, выполненные работы, оказанные услуги в отчетном году по 2016 г."
D10,производство пищевых продуктов,45376,"Транспортный налог, включаемый в себестоимость продукции (работ, услуг) по 2016 г."
D10,производство пищевых продуктов,60021,"Удельный вес затрат на инновационную деятельность в общем объеме отгруженных товаров, выполненных работ, услуг организаций промышленного производства"
D10,производство пищевых продуктов,58768,"Удельный вес затрат на технологические инновации в общем объеме отгруженных товаров, выполненных работ, услуг организаций промышленного производства c 2017 г."
D10,производство пищевых продуктов,58762,"Удельный вес инновационных товаров,  работ, услуг в общем объеме отгруженных товаров, выполненных работ, услуг организаций промышленного производства c 2017 г."
D10,производство пищевых продуктов,58767,"Удельный вес организаций, осуществляющих технологические инновации, в общем числе организаций промышленного производства c 2017 г."
D10,производство пищевых продуктов,58769,Уровень инновационной активности организаций промышленного производства
D10,производство пищевых продуктов,31429,"Уровень рентабельности (убыточности) проданных товаров, продукции, работ, услуг по 2016 г."
D10,производство пищевых продуктов,45378,"Водный налог, включаемый в себестоимость продукции (работ, услуг) по 2016 г."
D10,производство пищевых продуктов,37052,"Затраты на производство и реализацию продукции (товаров, работ, услуг) по крупнейшим базовым организациям по 2016 г."
D10,производство пищевых продуктов,43574,Затраты организаций промышленного производства на технологические инновации по 2016 г.
D10,производство пищевых продуктов,57747,Индекс предпринимательской уверенности малых предприятий в обрабатывающих производствах (без микропредприятий)  с 2017 г.
D10,производство пищевых продуктов,37419,Индекс предпринимательской уверенности малых предприятий обрабатывающих производств (без микропредприятий) с 2009 г. по 2016 г.
D10,производство пищевых продуктов,40637,Индекс предпринимательской уверенности организаций обрабатывающих производств (без малых предприятий) с 2009 г. по 2016 г.
D10,производство пищевых продуктов,43047,Индекс производства
D10,производство пищевых продуктов,57807,Индекс производства (ОКВЭД2)
D10,производство пищевых продуктов,43048,Индекс производства (оперативные данные)
D10,производство пищевых продуктов,57806,Индекс производства (оперативные данные) (ОКВЭД2)
D10,производство пищевых продуктов,31111,"Индексы цен на продукцию (затраты, услуги) инвестиционного назначения по 2016 г."
D10,производство пищевых продуктов,57795,"Индексы цен на продукцию (затраты, услуги) инвестиционного назначения с 2017 г."
D10,производство пищевых продуктов,40609,"Индексы цен на прочую продукцию (затраты, услуги) инвестиционного назначения по 2016 г."
D10,производство пищевых продуктов,57798,"Индексы цен на прочую продукцию (затраты, услуги) инвестиционного назначения с 2017 г."
D10,производство пищевых продуктов,58605,Индексы цен производителей к среднегодовому значению 2010 г.
D10,производство пищевых продуктов,31108,Индексы цен производителей на строительную продукцию по 2016 г.
D10,производство пищевых продуктов,57796,Индексы цен производителей на строительную продукцию с 2017 г.
D10,производство пищевых продуктов,58602,Индексы цен производителей по видам экономической деятельности к предыдущему месяцу
D10,производство пищевых продуктов,40611,Индексы цен производителей по видам экономической деятельности по 2011 г.
D10,производство пищевых продуктов,43561,Индексы цен производителей по видам экономической деятельности с 2012 г. по 2016 г.
D10,производство пищевых продуктов,42981,Использовано отработанных нефтепродуктов в качестве котельно-печного топлива по 2016 г.
D10,производство пищевых продуктов,42978,Использовано отработанных нефтепродуктов для регенерации (очистки) на собственных установках по 2016 г.
D10,производство пищевых продуктов,42980,Использовано отработанных нефтепродуктов на технологические нужды по 2016 г.
D10,производство пищевых продуктов,40475,Использовано отработанных нефтепродуктов по 2016 г.
D10,производство пищевых продуктов,60464,Количество рабочих мест на всех видах работ  по производству товаров и услуг (по статусу в занятости)  в среднем за год с 2017 г.
D10,производство пищевых продуктов,60463,Количество фактически отработанного времени на всех видах работ по производству товаров и услуг (по статусу в занятости) в среднем за год с 2017 г.
D10,производство пищевых продуктов,36637,Коэффициенты концентрации производства по видам экономической деятельности по 2016 г.
D10,производство пищевых продуктов,45380,"Налог на добычу полезных ископаемых, включаемый в себестоимость продукции (работ, услуг) по 2016 г."
D10,производство пищевых продуктов,33836,"Объем выручки (с учетом налогов и аналогичных обязательных платежей) от продажи товаров, продукции, работ, услуг по всем видам деятельности индивидуальных предпринимателей за 2009 г."
D10,производство пищевых продуктов,43006,"Объем выручки (с учетом налогов и аналогичных обязательных платежей) от продажи товаров, продукции, работ, услуг по всем видам деятельности по 2016 г."
D10,производство пищевых продуктов,58488,"Объем выручки (с учетом налогов и аналогичных обязательных платежей) от продажи товаров, продукции, работ, услуг по всем видам деятельности с 2017 г."
D10,производство пищевых продуктов,37123,"Объем выручки (с учетом налогов и аналогичных обязательных платежей) от продажи товаров, продукции, работ, услуг по всем видам предпринимательской деятельности за 2010, 2015 гг."
D10,производство пищевых продуктов,62387,"Объем выручки (с учетом налогов и аналогичных обязательных платежей) от продажи товаров, продукции, работ, услуг по всем видам предпринимательской деятельности за 2020 год"
D10,производство пищевых продуктов,40639,"Отгружено товаров собственного производства, выполнено работ и услуг собственными силами (без НДС, акцизов и аналогичных обязательных платежей) по &quot;чистым&quot; видам деятельности по 2016 г."
D10,производство пищевых продуктов,42890,"Отгружено товаров собственного производства, выполнено работ и услуг собственными силами инновационного характера по 2016 год"
D10,производство пищевых продуктов,45431,"Отгружено товаров, произведенных из собственного сырья и материалов другими юридическими и физическими лицами по 2016 г."
D10,производство пищевых продуктов,58568,"Отгружено товаров, произведенных из собственного сырья и материалов другими юридическими и физическими лицами с 2017 г."
D10,производство пищевых продуктов,63013,Поставлено отработанных нефтепродуктов с 2017 г. по 2022 г. включительно
D10,производство пищевых продуктов,33927,"Потребление электроэнергии организациями добывающих, обрабатывающих производств, производства и распределения электроэнергии, газа и воды"
D10,производство пищевых продуктов,45421,"Произведено кормов, удобрений и прочей продукции для использования при осуществлении сельскохозяйственной деятельности собственными силами по 2016 г."
D10,производство пищевых продуктов,58574,"Произведено кормов, удобрений и прочей продукции для использования при осуществлении сельскохозяйственной деятельности собственными силами с 2017 г."
D10,производство пищевых продуктов,63014,"Произведено продукции (выполнено работ, услуг) с 2017 г. по 2022 г. включительно"
D10,производство пищевых продуктов,45422,"Произведено продукции, переданной другим юридическим и физическим лицам на безвозмездной основе по 2016 г."
D10,производство пищевых продуктов,58565,"Произведено продукции, переданной другим юридическим и физическим лицам на безвозмездной основе с 2017 г."
D10,производство пищевых продуктов,45425,"Произведено промышленной продукции, зачисленной в отчетном периоде в основные средства по 2016 г."
D10,производство пищевых продуктов,58561,"Произведено промышленной продукции, зачисленной в отчетном периоде в основные средства с 2017 г."
D10,производство пищевых продуктов,58562,"Произведено сельскохозяйственной продукции собственного производства, переданной своим несельскохозяйственным подразделениям  с 2017 г."
D10,производство пищевых продуктов,45420,"Произведено сельскохозяйственной продукции собственного производства, переданной своим несельскохозяйственным подразделениям по 2016 г."
D10,производство пищевых продуктов,45424,"Произведено сельскохозяйственной продукции, зачисленной в отчетном периоде в основные средства (скот и многолетние насаждения) по 2016 г."
D10,производство пищевых продуктов,58579,"Произведено сельскохозяйственной продукции, зачисленной в отчетном периоде в основные средства (скот и многолетние насаждения) с 2017 г."
D10,производство пищевых продуктов,45423,Произведено строительно-монтажных работ для собственного потребления (хозяйственным способом) по 2016 г.
D10,производство пищевых продуктов,58573,Произведено строительно-монтажных работ для собственного потребления (хозяйственным способом) с 2017 г.
D10,производство пищевых продуктов,45418,Произведено строительных материалов и конструкций для использования при выполнении строительных и монтажных работ  другими юридическими и физическими силами по 2016 г.
D10,производство пищевых продуктов,58570,Произведено строительных материалов и конструкций для использования при выполнении строительных и монтажных работ другими юридическими и физическими силами с 2017 г.
D10,производство пищевых продуктов,45419,Произведено строительных материалов и конструкций для использования при выполнении строительных и монтажных работ собственными силами организации по 2016 г.
D10,производство пищевых продуктов,58563,Произведено строительных материалов и конструкций для использования при выполнении строительных и монтажных работ собственными силами с 2017 г.
D10,производство пищевых продуктов,45409,"Расходы на приобретения газа природного (естественного), используемого в качестве компонента при производстве продукции по 2016 г."
D10,производство пищевых продуктов,43578,"Удельный вес затрат на технологические инновации в общем объеме отгруженных товаров, выполненных работ, услуг организаций промышленного производства по 2016 г."
D10,производство пищевых продуктов,43572,"Удельный вес инновационных товаров, работ, услуг, в общем объеме отгруженных товаров, выполненных работ, услуг организаций промышленного производства по 2016 г."
D10,производство пищевых продуктов,43579,"Удельный вес организаций, осуществлявших технологические инновации, в общем числе организаций промышленного производства по 2016 г."
D10,производство пищевых продуктов,63015,"Фактический расход топливно-энергетических ресурсов на производство отдельных видов продукции, работ ( услуг) с 2017 г.по 2022 г. Включительно"
D10,производство пищевых продуктов,62683,"Фактический расход топливно-энергетических ресурсов на производство отдельных видов продукции, работ (услуг) с 2023 года"
D10,производство пищевых продуктов,62682,"Фактический расход электроэнергии, теплоэнергии и топлива на единицу отдельных видов произведенной продукции и услуг (по видам продукции, работ и услуг) с 2023 года"
D10,производство пищевых продуктов,50190,"Фактический расход электроэнергии, теплоэнергии и топлива на единицу отдельных видов произведенной продукции и услуг (по видам продукции, работ, услуг) по 2016 г."
D10,производство пищевых продуктов,63016,"Фактический расход электроэнергии, теплоэнергии и топлива на единицу отдельных видов произведенной продукции и услуг (по видам продукции, работ, услуг) с 2017 г.по 2022 г. включительно"
D10,производство пищевых продуктов,55104,Число высокопроизводительных рабочих мест по 2016 г.
D10,производство пищевых продуктов,58480,Число высокопроизводительных рабочих мест с 2017 г.
D10,производство пищевых продуктов,34075,Число используемых передовых производственных технологий по 2016 г.
D10,производство пищевых продуктов,58662,Число используемых передовых производственных технологий с 2017 г.
D10,производство пищевых продуктов,50184,Число принципиально новых разработанных передовых производственных технологий по 2016 г.
D10,производство пищевых продуктов,58661,Число разработанных передовых  производственных технологий с 2017 г.
D10,производство пищевых продуктов,50182,Число разработанных передовых производственных технологий новых для России по 2016 г.
D10,производство пищевых продуктов,34099,Число разработанных передовых производственных технологий по 2016 г.
D10,продукция сельского хозяйства,60366,Продукция сельского хозяйства в районах Крайнего Севера и приравненных к ним местностях (в хозяйствах всех категорий)
D10,продукция сельского хозяйства,33846,Продукция сельского хозяйства в фактически действовавших ценах (предварительные данные)
D10,продукция сельского хозяйства,43337,Продукция сельского хозяйства в фактически действовавших ценах (окончательные данные)
D10,продукция сельского хозяйства,34128,Индексы производства продукции сельского хозяйства
D10,продукция сельского хозяйства,31062,Индексы производства продукции сельского хозяйства (окончательные данные) по 2016 г.
D10,продукция сельского хозяйства,59001,Индексы производства продукции сельского хозяйства (окончательные данные) с 2017 г.
D10,продукция сельского хозяйства,34127,Индексы производства продукции сельского хозяйства (предварительные данные)
D10,продукция сельского хозяйства,37066,Индексы производства продукции сельского хозяйства сельскохозяйственными организациями по государственному сектору экономики
D10,продукция сельского хозяйства,42296,Наличие продукции сельского хозяйства на начало года
D10,продукция сельского хозяйства,57962,Объем израсходованной (расход) продукции сельского хозяйства
D10,продукция сельского хозяйства,42295,Объем поступившей (приход) продукции сельского хозяйства
D10,продукция сельского хозяйства,60367,Индекс производства продукции сельского хозяйства в районах Крайнего Севера и приравненных к ним местностях  (в хозяйствах всех категорий)
D11,среднедушевые денежные доходы населения,57039,Среднедушевые денежные доходы населения
D11,среднедушевые денежные доходы населения,30992,Денежные доходы (в среднем на душу)
D11,среднемесячная начисленная заработная плата,56791,"Среднемесячная начисленная заработная плата наемных работников в организациях, у индивидуальных предпринимателей и физических лиц"
D11,среднемесячная начисленная заработная плата,42942,Реальная среднемесячная начисленная заработная плата работников в сравнении с предыдущим периодом
D11,среднемесячная начисленная заработная плата,62438,Среднемесячная начисленная заработная плата работников (без выплат социального характера) за 2019г.
D11,среднемесячная начисленная заработная плата,33991,Среднемесячная начисленная заработная плата работников (без выплат социального характера) по 2018 г.
D11,среднемесячная начисленная заработная плата,61780,Среднемесячная начисленная заработная плата работников (без выплат социального характера)с 2020 г.
D11,среднемесячная начисленная заработная плата,59034,Динамика реальной среднемесячной начисленной заработной платы
D11,среднемесячная начисленная заработная плата,57878,"Квартальная оценка среднемесячной начисленной заработной платы наемных работников в организациях, у индивидуальных предпринимателей и физических лиц"
D11,среднемесячная начисленная заработная плата,42944,Среднемесячная номинальная начисленная заработная плата работников государственных (муниципальных)  учреждений здравоохранения
D11,среднемесячная начисленная заработная плата,42945,Среднемесячная номинальная начисленная заработная плата работников государственных (муниципальных)  учреждений культуры и искусства
D11,среднемесячная начисленная заработная плата,42946,Среднемесячная номинальная начисленная заработная плата работников государственных (муниципальных)  учреждений образования
D11,среднемесячная начисленная заработная плата,42947,Среднемесячная номинальная начисленная заработная плата работников государственных (муниципальных)  учреждений социальной защиты населения
D11,среднемесячная начисленная заработная плата,42948,Среднемесячная номинальная начисленная заработная плата работников государственных (муниципальных)  учреждений физической культуры и спорта
D11,среднемесячная начисленная заработная плата,42943,Среднемесячная номинальная начисленная заработная плата работников государственных (муниципальных) общеобразовательных учреждений
D11,среднемесячная начисленная заработная плата,42949,Среднемесячная номинальная начисленная заработная плата работников государственных образовательных учреждений среднего профессионального образования
D11,среднемесячная начисленная заработная плата,42950,Среднемесячная номинальная начисленная заработная плата работников сельского хозяйства
D12,уровень безработицы,43062,Уровень безработицы (по методологии МОТ)
D12,уровень безработицы,57341,Уровень безработицы (по методологии Международной организации труда) (оперативные данные)
D12,уровень безработицы,58714,"Уровень безработицы в разбивке по полу, возрасту и признаку инвалидности (8.5.2)"
D12,уровень безработицы,33446,Уровень безработицы (по методологии Международной организации труда)
D12,уровень безработицы,59301,Уровень безработицы по полу и возрастным группам
D13,численность постоянного населения,62296,Предварительная численность постоянного населения на 1 января
D13,численность постоянного населения,58085,Численность постоянного населения на 1 января текущего года
D13,численность постоянного населения,33459,Численность постоянного населения - женщин по возрасту на 1 января
D13,численность постоянного населения,31548,Численность постоянного населения - мужчин по возрасту на 1 января
D13,численность постоянного населения,31556,Численность постоянного населения в среднем за год
D13,численность постоянного населения,31557,Численность постоянного населения на 1 января
D13,численность постоянного населения,61105,Численность постоянного населения на 1 января текущего года
D13,численность постоянного населения,43219,Структура численности постоянного населения на начало года (на 1 января) по полу и возрастным группам
D13,численность постоянного населения,36728,Изменение численности населения в зонах радиоактивного загрязнения
D13,численность постоянного населения,33532,Оборот розничной торговли в расчете на душу населения по Российской Федерации до 1999 г.
D13,численность постоянного населения,33533,Оборот розничной торговли на душу населения с 2000 г.
D13,численность постоянного населения,31432,Продажа алкогольных напитков в расчете на душу населения (в натуральном выражении)
D13,численность постоянного населения,43701,Численность населения
D13,численность постоянного населения,50444,"Число абонентских станций (абонентских устройств), подключенных к сетям подвижной радиотелефонной (сотовой) связи, на 1000 человек населения (на конец отчетного периода)"
D13,численность постоянного населения,40618,Продажа алкогольных напитков в абсолютном алкоголе на душу населения
D13,численность постоянного населения,58685,"Добавленная стоимость отрасли &laquo;Обрабатывающее производство&raquo; на душу населения за год, предшествующий предыдущему (9.2.1)"
D13,численность постоянного населения,43010,Инвестиции в основной капитал на душу населения в фактически действовавших ценах
D13,численность постоянного населения,45454,Количество введенных жилых помещений (квартир) в расчете на 1000 человек населения
D13,численность постоянного населения,43280,Оборот общественного питания на душу населения
D13,численность постоянного населения,43279,Оборот розничной торговли продуктами питания на душу населения
D13,численность постоянного населения,59162,Объем бытовых услуг населению в расчете на душу населения с 2017 г.
D13,численность постоянного населения,59161,Объем платных услуг населению в расчете на душу населения с 2017 г.
D13,численность постоянного населения,40565,Реальный объем использования ВВП на душу населения (по паритету покупательной способности)
D13,численность постоянного населения,36230,"Число лиц, погибших в ДТП, на 100 тыс. населения"
D13,численность постоянного населения,62019,"Количество погибших в дорожно-транспортных происшествиях, человек на 100 тыс. населения (R3)"
D13,численность постоянного населения,59114,"Количество погибших в дорожно-транспортных происшествиях, человек на 100 тысяч населения"
D13,численность постоянного населения,58924,Отношение среднесписочной численности работников малых и средних предприятий к численности населения
D13,численность постоянного населения,59721,Розничные продажи алкогольной продукции на душу населения (в литрах этанола)
D13,численность постоянного населения,58088,Численность населения в трудоспособном возрасте на 1 января текущего года
D20,коллективных средств размещения,43903,"Прирост численности лиц, размещенных в коллективных средствах размещения, по отношению к 2012 году"
D20,коллективных средств размещения,63347,"Численность иностранных граждан, размещенных в коллективных средствах размещения"
D20,коллективных средств размещения,58704,"Численность лиц, размещенных в коллективных средствах размещения, по отношению к 2012 году"
D20,коллективных средств размещения,63328,Направлено денежных средств на текущие операции &ndash; всего за отчетный год с 2017г.
D20,коллективных средств размещения,63330,Направлено денежных средств по инвестиционным операциям &ndash; всего за отчетный год с 2017г.
D20,коллективных средств размещения,63332,Направлено денежных средств по финансовым операциям всего за отчетный год с 2017г.
D20,коллективных средств размещения,58258,Основные средства c 2017 г.
D20,коллективных средств размещения,63329,Поступило денежных средств от инвестиционных операций &ndash; всего за отчетный год с 2017 г.
D20,коллективных средств размещения,63327,Поступило денежных средств от текущих операций &ndash; всего за отчетный год с 2017г.
D20,коллективных средств размещения,63331,Поступило денежных средств от финансовых операций &ndash; всего за отчетный год с 2017г.
D20,коллективных средств размещения,62299,"Доходы средства размещения от предоставляемых услуг без НДС, акцизов и аналогичных платежей (оперативные данные)"
D20,коллективных средств размещения,62300,"Численность граждан Российской Федерации, размещенных в средствах размещения (оперативные данные)"
D20,коллективных средств размещения,62279,"Численность иностранных граждан, размещенных в средствах размещения (оперативные данные)"
D20,коллективных средств размещения,62073,Численность размещенных лиц в средствах размещения (оперативные данные)
D20,коллективных средств размещения,62301,Число ночевок в средствах размещения (оперативные данные)
D22,число родившихся,31606,Число родившихся (без мертворожденных) за год
D22,число родившихся,59992,Число родившихся по возрасту матери и очередности рождения
D22,число родившихся,59827,Коэффициенты рождаемости в возрастной группе 25 - 29 лет (число родившихся на 1000 женщин соответствующего возраста)
D22,число родившихся,59828,Коэффициенты рождаемости в возрастной группе 30 - 34 лет (число родившихся на 1000 женщин соответствующего возраста)
D22,число родившихся,59829,Коэффициенты рождаемости в возрастной группе 35 - 39 лет (число родившихся на 1000 женщин соответствующего возраста)
D22,число родившихся,31269,Число родившихся на 1000 населения за год
D22,число родившихся,33555,Число зарегистрированных родившихся (оперативные данные)
D22,число родившихся,33526,Число зарегистрированных умерших детей на первом году жизни в расчете на 1000 родившихся (оперативные данные)
D22,число умерших,31618,Число умерших на первом году жизни детей за год
D22,число умерших,31617,Число умерших за год
D22,число умерших,41692,"Число умерших, принимавших участие в ликвидации последствий аварии на Чернобыльской АЭС, включенных в Медико-дозиметрический регистр"
D22,число умерших,59990,Число умерших детей на первом году жизни с распределением по году рождения
D22,число умерших,63335,Коэффициент младенческой смертности (число умерших в возрасте до 1 года на 1000 родившихся живыми)
D22,число умерших,57315,Смертность населения трудоспособного возраста (число умерших на 100 тыс.человек соответствующего возраста) от отдельных причин смерти.
D22,число умерших,31166,Число умерших детей до 1 года на 1000 родившихся живыми за год
D22,число умерших,31619,Число умерших на первом году жизни по основным классам причин смерти за год
D22,число умерших,31270,Число умерших по основным классам и отдельным причинам смерти в расчете на 100000 населения за год
D22,число умерших,31620,Число умерших по основным классам и отдельным причинам смерти за год
D22,число умерших,58775,Число умерших по полу и 5-летним возрастным группам
D22,число умерших,62584,Число умерших детей от внешних причин смерти в возрасте от 0 до 17 лет на 100 тыс. человек соответствующего возраста
D22,число умерших,62585,Число умерших детей от самоубийств в возрасте до 17 лет на 100 тыс. человек соответствующего возраста
D22,число умерших,42932,"Смертность населения трудоспособного возраста (число умерших на 100 тыс.человек соответствующего возраста) от всех причин, от внешних причин, от болезней системы кровообращения, от новообразований"
D22,число умерших,31167,Число умерших детей на первом году жизни по основным классам причин смерти в расчете на 10000 родившихся живыми за год
D22,число умерших,33557,Число зарегистрированных умерших детей на 1 году жизни (оперативные данные)
D22,число умерших,33556,Число зарегистрированных умерших (оперативные данные)
D24,численность населения по полу и возрасту,33459,Численность постоянного населения - женщин по возрасту на 1 января
D24,численность населения по полу и возрасту,31548,Численность постоянного населения - мужчин по возрасту на 1 января
