subject,n_neighbours,out_influence,in_influence,net,activity,class
Омская область,3,0.1449,-0.1358,0.2807,0.0045,источник
Республика Дагестан,3,0.1661,-0.0405,0.2066,0.0628,источник
Амурская область,4,0.2933,0.0913,0.202,0.1923,источник
Алтайский край,3,0.0865,-0.0791,0.1656,0.0037,источник
Республика Башкортостан,6,0.1194,-0.038,0.1574,0.0407,источник
Чувашская Республика,5,0.1469,-0.0044,0.1513,0.0713,источник
Пензенская область,5,0.1395,-0.0064,0.1458,0.0665,источник
Кировская область,9,0.1101,-0.0323,0.1424,0.0389,источник
Курская область,5,0.1106,-0.0247,0.1353,0.043,источник
Самарская область,4,0.1087,-0.0265,0.1352,0.0411,источник
Чеченская Республика,4,0.1579,0.0247,0.1332,0.0913,источник
Карачаево-Черкесская Республика,3,0.1984,0.0691,0.1293,0.1338,источник
Республика Тыва,5,0.0254,-0.0987,0.1241,-0.0367,источник
Смоленская область,5,0.0751,-0.0484,0.1235,0.0133,источник
Магаданская область,4,0.2296,0.1081,0.1216,0.1689,источник
Липецкая область,6,0.1157,-0.0025,0.1182,0.0566,источник
Владимирская область,5,0.0847,-0.0331,0.1178,0.0258,источник
Кемеровская область,6,0.0535,-0.0556,0.1091,-0.0011,источник
Оренбургская область,5,0.0858,-0.005,0.0908,0.0404,источник
Ленинградская область,5,0.1042,0.0192,0.085,0.0617,источник
Забайкальский край,4,0.2244,0.1413,0.0831,0.1828,источник
Волгоградская область,5,0.0864,0.0062,0.0802,0.0463,нейтральный
Ульяновская область,6,0.0957,0.0179,0.0778,0.0568,транзит
Краснодарский край,4,0.1161,0.0398,0.0763,0.078,транзит
Ненецкий автономный округ,3,0.0994,0.0238,0.0756,0.0616,транзит
Красноярский край,8,0.0104,-0.064,0.0743,-0.0268,нейтральный
Республика Калмыкия,5,0.1531,0.0824,0.0707,0.1178,транзит
Свердловская область,7,0.0849,0.0288,0.0562,0.0568,транзит
Камчатский край,2,0.2169,0.1632,0.0537,0.1901,транзит
Республика Марий Эл,4,0.1046,0.0533,0.0512,0.079,транзит
Хабаровский край,5,0.2342,0.1918,0.0424,0.213,транзит
Московская область,8,0.0677,0.0375,0.0303,0.0526,нейтральный
Тверская область,6,-0.0015,-0.0223,0.0208,-0.0119,нейтральный
Иркутская область,5,0.0202,0.0167,0.0034,0.0185,нейтральный
Ивановская область,4,0.0071,0.0047,0.0024,0.0059,нейтральный
Курганская область,3,0.076,0.0746,0.0015,0.0753,транзит
Ярославская область,6,-0.0073,-0.0057,-0.0016,-0.0065,нейтральный
Удмуртская Республика,4,0.0875,0.0917,-0.0042,0.0896,транзит
Нижегородская область,8,0.0266,0.0316,-0.0051,0.0291,нейтральный
Калужская область,6,0.0043,0.0099,-0.0055,0.0071,нейтральный
Пермский край,5,0.0003,0.0061,-0.0058,0.0032,нейтральный
Республика Карелия,4,0.016,0.0279,-0.0119,0.022,нейтральный
Ханты-Мансийский автономный округ - Югра,6,0.0564,0.0791,-0.0226,0.0677,транзит
Архангельская область,5,0.0226,0.0485,-0.026,0.0356,нейтральный
Новосибирская область,4,0.014,0.049,-0.035,0.0315,нейтральный
Республика Коми,7,0.0065,0.0435,-0.037,0.025,нейтральный
Кабардино-Балкарская Республика,4,0.135,0.1747,-0.0398,0.1548,транзит
Брянская область,4,-0.0431,0.003,-0.046,-0.0201,нейтральный
Новгородская область,4,-0.0198,0.0275,-0.0473,0.0038,нейтральный
Воронежская область,7,0.0427,0.0914,-0.0487,0.067,транзит
Республика Адыгея,1,0.1195,0.1683,-0.0488,0.1439,транзит
Тульская область,5,-0.0018,0.0536,-0.0554,0.0259,нейтральный
Ростовская область,5,0.0586,0.1228,-0.0642,0.0907,транзит
Костромская область,5,-0.1066,-0.0402,-0.0664,-0.0734,нейтральный
Еврейская автономная область,2,0.127,0.1938,-0.0668,0.1604,транзит
Тамбовская область,5,0.068,0.1394,-0.0714,0.1037,транзит
Ставропольский край,8,0.0629,0.136,-0.0731,0.0995,транзит
Рязанская область,8,-0.0143,0.0672,-0.0816,0.0265,нейтральный
Мурманская область,1,0.0454,0.1303,-0.0849,0.0878,транзит
Орловская область,5,-0.0463,0.0388,-0.0851,-0.0037,нейтральный
Республика Северная Осетия - Алания,4,0.1011,0.1878,-0.0866,0.1444,получатель
Вологодская область,8,-0.0565,0.0336,-0.09,-0.0114,получатель
Республика Ингушетия,3,0.0754,0.1771,-0.1017,0.1262,получатель
Республика Мордовия,5,-0.016,0.0872,-0.1032,0.0356,получатель
Псковская область,4,-0.0491,0.0551,-0.1042,0.003,получатель
Челябинская область,4,-0.0715,0.0383,-0.1098,-0.0166,получатель
Саратовская область,7,-0.0043,0.1114,-0.1156,0.0536,получатель
Республика Хакасия,4,-0.0401,0.0789,-0.1189,0.0194,получатель
Приморский край,1,0.2438,0.3662,-0.1224,0.305,получатель
Ямало-Ненецкий автономный округ,4,-0.0321,0.0929,-0.125,0.0304,получатель
Республика Алтай,4,-0.0035,0.1221,-0.1255,0.0593,получатель
Астраханская область,2,0.0209,0.1558,-0.1349,0.0883,получатель
г. Москва,2,0.0131,0.1489,-0.1358,0.081,получатель
г. Санкт-Петербург,1,0.0972,0.2485,-0.1513,0.1728,получатель
Томская область,6,-0.0596,0.1016,-0.1613,0.021,получатель
Белгородская область,2,0.0165,0.1853,-0.1687,0.1009,получатель
Чукотский автономный округ,3,0.0416,0.2128,-0.1712,0.1272,получатель
Тюменская область,5,-0.0279,0.1559,-0.1838,0.064,получатель
Республика Саха (Якутия),7,0.0558,0.2441,-0.1884,0.1499,получатель
Республика Бурятия,3,-0.048,0.1462,-0.1942,0.0491,получатель
Республика Татарстан,8,-0.0199,0.1989,-0.2188,0.0895,получатель
Калининградская область,0,,,,,нет соседей
Республика Крым,0,,,,,нет соседей
Сахалинская область,0,,,,,нет соседей
г. Севастополь,0,,,,,нет соседей
