subject_a,subject_b
Алтайский край,Новосибирская область
Алтайский край,Республика Алтай
Алтайский край,Кемеровская область
Республика Мордовия,Рязанская область
Республика Мордовия,Нижегородская область
Республика Мордовия,Чувашская Республика
Республика Мордовия,Пензенская область
Республика Мордовия,Ульяновская область
Тульская область,Рязанская область
Тульская область,Московская область
Тульская область,Орловская область
Тульская область,Калужская область
Тульская область,Липецкая область
Курганская область,Свердловская область
Курганская область,Челябинская область
Курганская область,Тюменская область
Республика Ингушетия,Чеченская Республика
Республика Ингушетия,Республика Северная Осетия - Алания
Республика Ингушетия,Кабардино-Балкарская Республика
Ханты-Мансийский автономный округ - Югра,Республика Коми
Ханты-Мансийский автономный округ - Югра,Красноярский край
Ханты-Мансийский автономный округ - Югра,Свердловская область
Ханты-Мансийский автономный округ - Югра,Томская область
Ханты-Мансийский автономный округ - Югра,Тюменская область
Ханты-Мансийский автономный округ - Югра,Ямало-Ненецкий автономный округ
Кировская область,Республика Коми
Кировская область,Костромская область
Кировская область,Пермский край
Кировская область,Республика Татарстан
Кировская область,Нижегородская область
Кировская область,Архангельская область
Кировская область,Республика Марий Эл
Кировская область,Удмуртская Республика
Кировская область,Вологодская область
Республика Коми,Свердловская область
Республика Коми,Пермский край
Республика Коми,Архангельская область
Республика Коми,Ненецкий автономный округ
Республика Коми,Ямало-Ненецкий автономный округ
Костромская область,Нижегородская область
Костромская область,Вологодская область
Костромская область,Ярославская область
Костромская область,Ивановская область
Красноярский край,Иркутская область
Красноярский край,Республика Хакасия
Красноярский край,Томская область
Красноярский край,Республика Саха (Якутия)
Красноярский край,Республика Тыва
Красноярский край,Ямало-Ненецкий автономный округ
Красноярский край,Кемеровская область
Забайкальский край,Иркутская область
Забайкальский край,Республика Бурятия
Забайкальский край,Амурская область
Забайкальский край,Республика Саха (Якутия)
Свердловская область,Пермский край
Свердловская область,Челябинская область
Свердловская область,Тюменская область
Свердловская область,Республика Башкортостан
Волгоградская область,Ростовская область
Волгоградская область,Астраханская область
Волгоградская область,Саратовская область
Волгоградская область,Воронежская область
Волгоградская область,Республика Калмыкия
Иркутская область,Республика Бурятия
Иркутская область,Республика Саха (Якутия)
Иркутская область,Республика Тыва
Пермский край,Удмуртская Республика
Пермский край,Республика Башкортостан
Псковская область,Ленинградская область
Псковская область,Новгородская область
Псковская область,Смоленская область
Псковская область,Тверская область
Ростовская область,Краснодарский край
Ростовская область,Ставропольский край
Ростовская область,Воронежская область
Ростовская область,Республика Калмыкия
Рязанская область,Тамбовская область
Рязанская область,Нижегородская область
Рязанская область,Пензенская область
Рязанская область,Московская область
Рязанская область,Липецкая область
Рязанская область,Владимирская область
Республика Адыгея,Краснодарский край
Самарская область,Республика Татарстан
Самарская область,Саратовская область
Самарская область,Ульяновская область
Самарская область,Оренбургская область
Республика Хакасия,Республика Тыва
Республика Хакасия,Республика Алтай
Республика Хакасия,Кемеровская область
Тамбовская область,Пензенская область
Тамбовская область,Саратовская область
Тамбовская область,Липецкая область
Тамбовская область,Воронежская область
Республика Татарстан,Чувашская Республика
Республика Татарстан,Республика Марий Эл
Республика Татарстан,Удмуртская Республика
Республика Татарстан,Ульяновская область
Республика Татарстан,Оренбургская область
Республика Татарстан,Республика Башкортостан
Томская область,Тюменская область
Томская область,Новосибирская область
Томская область,Омская область
Томская область,Кемеровская область
Нижегородская область,Чувашская Республика
Нижегородская область,Республика Марий Эл
Нижегородская область,Владимирская область
Нижегородская область,Ивановская область
Республика Карелия,Архангельская область
Республика Карелия,Ленинградская область
Республика Карелия,Мурманская область
Республика Карелия,Вологодская область
Архангельская область,Ненецкий автономный округ
Архангельская область,Вологодская область
Астраханская область,Республика Калмыкия
Белгородская область,Курская область
Белгородская область,Воронежская область
Брянская область,Курская область
Брянская область,Орловская область
Брянская область,Смоленская область
Брянская область,Калужская область
Республика Бурятия,Республика Тыва
Чеченская Республика,Республика Северная Осетия - Алания
Чеченская Республика,Ставропольский край
Чеченская Республика,Республика Дагестан
Челябинская область,Оренбургская область
Челябинская область,Республика Башкортостан
Чувашская Республика,Республика Марий Эл
Чувашская Республика,Ульяновская область
Тюменская область,Омская область
Республика Северная Осетия - Алания,Кабардино-Балкарская Республика
Республика Северная Осетия - Алания,Ставропольский край
Пензенская область,Саратовская область
Пензенская область,Ульяновская область
Амурская область,Республика Саха (Якутия)
Амурская область,Еврейская автономная область
Амурская область,Хабаровский край
Кабардино-Балкарская Республика,Ставропольский край
Кабардино-Балкарская Республика,Карачаево-Черкесская Республика
Краснодарский край,Ставропольский край
Краснодарский край,Карачаево-Черкесская Республика
Курская область,Орловская область
Курская область,Липецкая область
Курская область,Воронежская область
Ленинградская область,Новгородская область
Ленинградская область,г. Санкт-Петербург
Ленинградская область,Вологодская область
г. Москва,Московская область
г. Москва,Калужская область
Московская область,Смоленская область
Московская область,Тверская область
Московская область,Калужская область
Московская область,Владимирская область
Московская область,Ярославская область
Ненецкий автономный округ,Ямало-Ненецкий автономный округ
Новгородская область,Тверская область
Новгородская область,Вологодская область
Новосибирская область,Омская область
Новосибирская область,Кемеровская область
Орловская область,Калужская область
Орловская область,Липецкая область
Республика Саха (Якутия),Магаданская область
Республика Саха (Якутия),Хабаровский край
Республика Саха (Якутия),Чукотский автономный округ
Саратовская область,Ульяновская область
Саратовская область,Воронежская область
Саратовская область,Оренбургская область
Смоленская область,Тверская область
Смоленская область,Калужская область
Ставропольский край,Республика Калмыкия
Ставропольский край,Карачаево-Черкесская Республика
Ставропольский край,Республика Дагестан
Республика Тыва,Республика Алтай
Тверская область,Вологодская область
Тверская область,Ярославская область
Удмуртская Республика,Республика Башкортостан
Липецкая область,Воронежская область
Магаданская область,Камчатский край
Магаданская область,Хабаровский край
Магаданская область,Чукотский автономный округ
Владимирская область,Ярославская область
Владимирская область,Ивановская область
Вологодская область,Ярославская область
Ярославская область,Ивановская область
Республика Алтай,Кемеровская область
Еврейская автономная область,Хабаровский край
Республика Калмыкия,Республика Дагестан
Камчатский край,Чукотский автономный округ
Хабаровский край,Приморский край
Оренбургская область,Республика Башкортостан
