Tile-код;ISO 3166-2;Полное имя;Краткое имя;Федеральный округ;Столица;Долгота столицы;Широта столицы;Tile col;Tile row;Примечание;_src
МУР;MUR;Мурманская область;Мурманская;СЗФО;Мурманск;33.0826;68.9585;4;0;;2a89c262ef8bcfa5
КАР;KR;Республика Карелия;Карелия;СЗФО;Петрозаводск;34.3641;61.789;4;1;;2a89c262ef8bcfa5
КЛГ;KGD;Калининградская область;Калининградская;СЗФО;Калининград;20.5114;54.7104;1;2;;2a89c262ef8bcfa5
СПБ;SPE;Санкт-Петербург;Санкт-Петербург;СЗФО;Санкт-Петербург;30.3141;59.9386;3;2;;2a89c262ef8bcfa5
ЛЕН;LEN;Ленинградская область;Ленинградская;СЗФО;Гатчина;30.1281;59.5704;4;2;;2a89c262ef8bcfa5
АРХ;ARK;Архангельская область;Архангельская;СЗФО;Архангельск;40.5433;64.5401;5;2;;2a89c262ef8bcfa5
НЕН;NEN;Ненецкий АО;Ненецкий АО;СЗФО;Нарьян-Мар;53.0084;67.6383;6;2;;2a89c262ef8bcfa5
ПСК;PSK;Псковская область;Псковская;СЗФО;Псков;28.3569;57.8136;3;3;;2a89c262ef8bcfa5
НВГ;NGR;Новгородская область;Новгородская;СЗФО;Великий Новгород;31.275;58.5256;4;3;;2a89c262ef8bcfa5
ВОЛ;VLG;Вологодская область;Вологодская;СЗФО;Вологда;39.8918;59.2205;5;3;;2a89c262ef8bcfa5
КОМ;KO;Республика Коми;Коми;СЗФО;Сыктывкар;50.8088;61.6688;6;3;;2a89c262ef8bcfa5
ЯМН;YAN;Ямало-Ненецкий АО;Ямало-Ненецкий АО;УФО;Салехард;66.5965;66.5302;9;3;;2a89c262ef8bcfa5
КРР;KYA;Красноярский край;Красноярский;СФО;Красноярск;92.8932;56.0153;11;3;;2a89c262ef8bcfa5
ЧУК;CHU;Чукотский АО;Чукотский АО;ДФО;Анадырь;177.5103;64.7337;13;3;;2a89c262ef8bcfa5
КАМ;KAM;Камчатский край;Камчатский;ДФО;Петропавловск-Камчатский;158.6505;53.0382;14;3;;2a89c262ef8bcfa5
МСК;MOW;Москва;Москва;ЦФО;Москва;37.6173;55.7558;0;4;;2a89c262ef8bcfa5
ТВЕ;TVE;Тверская область;Тверская;ЦФО;Тверь;35.9176;56.8587;3;4;;2a89c262ef8bcfa5
ЯРО;YAR;Ярославская область;Ярославская;ЦФО;Ярославль;39.8742;57.6261;4;4;;2a89c262ef8bcfa5
ИВА;IVA;Ивановская область;Ивановская;ЦФО;Иваново;40.9745;57.0006;5;4;;2a89c262ef8bcfa5
КОС;KOS;Костромская область;Костромская;ЦФО;Кострома;40.9269;57.7681;6;4;;2a89c262ef8bcfa5
КИР;KIR;Кировская область;Кировская;ПФО;Киров;49.6601;58.6035;7;4;;2a89c262ef8bcfa5
ПЕР;PER;Пермский край;Пермский;ПФО;Пермь;56.2502;58.0105;8;4;;2a89c262ef8bcfa5
ХМА;KHM;Ханты-Мансийский АО — Югра;Ханты-Мансийский АО — Югра;УФО;Ханты-Мансийск;69.0019;61.0042;9;4;;2a89c262ef8bcfa5
ТЮМ;TYU;Тюменская область;Тюменская;УФО;Тюмень;65.5343;57.1522;10;4;;2a89c262ef8bcfa5
ТОМ;TOM;Томская область;Томская;СФО;Томск;84.9482;56.4847;11;4;;2a89c262ef8bcfa5
КЕМ;KEM;Кемеровская область — Кузбасс;Кемеровская область — Кузбасс;СФО;Кемерово;86.0871;55.3547;12;4;;2a89c262ef8bcfa5
ИРК;IRK;Иркутская область;Иркутская;СФО;Иркутск;104.2807;52.2978;13;4;;2a89c262ef8bcfa5
ЯКУ;SA;Республика Саха (Якутия);Саха (Якутия);ДФО;Якутск;129.7331;62.0281;14;4;;2a89c262ef8bcfa5
МАГ;MAG;Магаданская область;Магаданская;ДФО;Магадан;150.808;59.5638;15;4;;2a89c262ef8bcfa5
СМО;SMO;Смоленская область;Смоленская;ЦФО;Смоленск;32.0453;54.7826;3;5;;2a89c262ef8bcfa5
МОС;MOS;Московская область;Московская;ЦФО;Красногорск;37.3299;55.8312;4;5;;2a89c262ef8bcfa5
ВЛА;VLA;Владимирская область;Владимирская;ЦФО;Владимир;40.4163;56.1366;5;5;;2a89c262ef8bcfa5
НЖГ;NIZ;Нижегородская область;Нижегородская;ПФО;Нижний Новгород;43.9648;56.3287;6;5;;2a89c262ef8bcfa5
МРЛ;ME;Республика Марий Эл;Марий Эл;ПФО;Йошкар-Ола;47.8908;56.6388;7;5;;2a89c262ef8bcfa5
УДМ;UD;Удмуртская Республика;Удмуртская;ПФО;Ижевск;53.2114;56.8527;8;5;;2a89c262ef8bcfa5
СВР;SVE;Свердловская область;Свердловская;УФО;Екатеринбург;60.6122;56.8389;9;5;;2a89c262ef8bcfa5
КРГ;KGN;Курганская область;Курганская;УФО;Курган;65.3334;55.4413;10;5;;2a89c262ef8bcfa5
НВС;NVS;Новосибирская область;Новосибирская;СФО;Новосибирск;82.9357;55.0084;11;5;;2a89c262ef8bcfa5
ХАК;KK;Республика Хакасия;Хакасия;СФО;Абакан;91.4292;53.7223;12;5;;2a89c262ef8bcfa5
ТЫВ;TY;Республика Тыва;Тыва;СФО;Кызыл;94.4528;51.7191;13;5;;2a89c262ef8bcfa5
ЗАБ;ZAB;Забайкальский край;Забайкальский;ДФО;Чита;113.5006;52.0307;14;5;;2a89c262ef8bcfa5
ХБР;KHA;Хабаровский край;Хабаровский;ДФО;Хабаровск;135.0721;48.4827;15;5;;2a89c262ef8bcfa5
БРЯ;BRY;Брянская область;Брянская;ЦФО;Брянск;34.3654;53.2521;2;6;;2a89c262ef8bcfa5
КЛЖ;KLU;Калужская область;Калужская;ЦФО;Калуга;36.2754;54.5293;3;6;;2a89c262ef8bcfa5
ТУЛ;TUL;Тульская область;Тульская;ЦФО;Тула;37.6173;54.1931;4;6;;2a89c262ef8bcfa5
РЯЗ;RYA;Рязанская область;Рязанская;ЦФО;Рязань;39.7126;54.6269;5;6;;2a89c262ef8bcfa5
МРД;MO;Республика Мордовия;Мордовия;ПФО;Саранск;45.18;54.1838;6;6;;2a89c262ef8bcfa5
ЧУВ;CU;Чувашская Республика;Чувашская;ПФО;Чебоксары;47.2486;56.1322;7;6;;2a89c262ef8bcfa5
ТАТ;TA;Республика Татарстан;Татарстан;ПФО;Казань;49.1064;55.7963;8;6;;2a89c262ef8bcfa5
БАШ;BA;Республика Башкортостан;Башкортостан;ПФО;Уфа;55.9587;54.7388;9;6;;2a89c262ef8bcfa5
ЧЕЛ;CHE;Челябинская область;Челябинская;УФО;Челябинск;61.4022;55.1644;10;6;;2a89c262ef8bcfa5
ОМС;OMS;Омская область;Омская;СФО;Омск;73.3686;54.9893;11;6;;2a89c262ef8bcfa5
ГАЛ;AL;Республика Алтай;Алтай;СФО;Горно-Алтайск;85.9601;51.9587;12;6;;2a89c262ef8bcfa5
АЛТ;ALT;Алтайский край;Алтайский;СФО;Барнаул;83.7836;53.3481;13;6;;2a89c262ef8bcfa5
БУР;BU;Республика Бурятия;Бурятия;ДФО;Улан-Удэ;107.6;51.8335;14;6;;2a89c262ef8bcfa5
АМУ;AMU;Амурская область;Амурская;ДФО;Благовещенск;127.5341;50.2907;15;6;;2a89c262ef8bcfa5
ЕВР;YEV;Еврейская АО;Еврейская АО;ДФО;Биробиджан;132.9237;48.7948;16;6;;2a89c262ef8bcfa5
САХ;SAK;Сахалинская область;Сахалинская;ДФО;Южно-Сахалинск;142.7378;46.9588;17;6;;2a89c262ef8bcfa5
ОРЛ;ORL;Орловская область;Орловская;ЦФО;Орёл;36.0626;52.9685;3;7;;2a89c262ef8bcfa5
ЛИП;LIP;Липецкая область;Липецкая;ЦФО;Липецк;39.5708;52.6088;4;7;;2a89c262ef8bcfa5
ТАМ;TAM;Тамбовская область;Тамбовская;ЦФО;Тамбов;41.4523;52.7212;5;7;;2a89c262ef8bcfa5
ПЕН;PNZ;Пензенская область;Пензенская;ПФО;Пенза;45.0046;53.1959;6;7;;2a89c262ef8bcfa5
УЛН;ULY;Ульяновская область;Ульяновская;ПФО;Ульяновск;48.4001;54.3142;7;7;;2a89c262ef8bcfa5
САМ;SAM;Самарская область;Самарская;ПФО;Самара;50.1606;53.1959;8;7;;2a89c262ef8bcfa5
ОРЕ;ORE;Оренбургская область;Оренбургская;ПФО;Оренбург;55.0982;51.7682;9;7;;2a89c262ef8bcfa5
ПРИ;PRI;Приморский край;Приморский;ДФО;Владивосток;131.8859;43.1155;17;7;;2a89c262ef8bcfa5
КРС;KRS;Курская область;Курская;ЦФО;Курск;36.1873;51.7304;3;8;;2a89c262ef8bcfa5
ВОР;VOR;Воронежская область;Воронежская;ЦФО;Воронеж;39.1843;51.6608;4;8;;2a89c262ef8bcfa5
ВГГ;VGG;Волгоградская область;Волгоградская;ЮФО;Волгоград;44.5018;48.708;5;8;;2a89c262ef8bcfa5
САР;SAR;Саратовская область;Саратовская;ПФО;Саратов;46.0342;51.5331;6;8;;2a89c262ef8bcfa5
ЛНР;LPR;Луганская Народная Республика;Луганская;ЮФО;Луганск;39.3242;48.574;2;9;присоединён в 2014/2022 — нет в TopoJSON;2a89c262ef8bcfa5
БЕЛ;BEL;Белгородская область;Белгородская;ЦФО;Белгород;36.5856;50.5953;3;9;;2a89c262ef8bcfa5
РОС;ROS;Ростовская область;Ростовская;ЮФО;Ростов-на-Дону;39.7015;47.2225;4;9;;2a89c262ef8bcfa5
КЛМ;KL;Республика Калмыкия;Калмыкия;ЮФО;Элиста;44.2558;46.3081;5;9;;2a89c262ef8bcfa5
АСТ;AST;Астраханская область;Астраханская;ЮФО;Астрахань;48.0408;46.3497;6;9;;2a89c262ef8bcfa5
ДНР;DPR;Донецкая Народная Республика;Донецкая;ЮФО;Донецк;37.805;48.0023;2;10;присоединён в 2014/2022 — нет в TopoJSON;2a89c262ef8bcfa5
КРД;KDA;Краснодарский край;Краснодарский;ЮФО;Краснодар;38.975;45.0355;4;10;;2a89c262ef8bcfa5
СТА;STA;Ставропольский край;Ставропольский;СКФО;Ставрополь;41.9734;45.0428;5;10;;2a89c262ef8bcfa5
ЧЕЧ;CE;Чеченская Республика;Чеченская;СКФО;Грозный;45.6981;43.3179;6;10;;2a89c262ef8bcfa5
ДАГ;DA;Республика Дагестан;Дагестан;СКФО;Махачкала;47.5047;42.9849;7;10;;2a89c262ef8bcfa5
ХРС;KHE;Херсонская область;Херсонская;ЮФО;Геническ;34.8112;46.174;0;11;присоединён в 2014/2022 — нет в TopoJSON;2a89c262ef8bcfa5
ЗПЖ;ZAP;Запорожская область;Запорожская;ЮФО;Мелитополь;35.3677;46.8489;1;11;присоединён в 2014/2022 — нет в TopoJSON;2a89c262ef8bcfa5
СЕВ;SEV;Севастополь;Севастополь;ЮФО;Севастополь;33.5253;44.6166;2;11;присоединён в 2014/2022 — нет в TopoJSON;2a89c262ef8bcfa5
КРМ;CR;Республика Крым;Крым;ЮФО;Симферополь;34.1024;44.9524;3;11;присоединён в 2014/2022 — нет в TopoJSON;2a89c262ef8bcfa5
АДГ;AD;Республика Адыгея;Адыгея;ЮФО;Майкоп;40.1006;44.6098;4;11;;2a89c262ef8bcfa5
КЧР;KC;Карачаево-Черкесская Республика;Карачаево-Черкесская;СКФО;Черкесск;42.0568;44.2236;5;11;;2a89c262ef8bcfa5
КБР;KB;Кабардино-Балкарская Республика;Кабардино-Балкарская;СКФО;Нальчик;43.6155;43.4946;6;11;;2a89c262ef8bcfa5
ИНГ;IN;Республика Ингушетия;Ингушетия;СКФО;Магас;44.8133;43.1681;7;11;;2a89c262ef8bcfa5
СОА;SE;Республика Северная Осетия — Алания;Северная Осетия — Алания;СКФО;Владикавказ;44.6818;43.0245;6;12;;2a89c262ef8bcfa5
