fedstat_name,geo_name,federal_district,capital_city,capital_lat,capital_lon,region_code,name_short,source
Мурманская область,Мурманская область,Северо-Западный федеральный округ,Мурманск,68.9585,33.0826,MUR,Мурманская,DEEONE ru-subjects.csv
Республика Карелия,Республика Карелия,Северо-Западный федеральный округ,Петрозаводск,61.789,34.3641,KR,Карелия,DEEONE ru-subjects.csv
Калининградская область,Калининградская область,Северо-Западный федеральный округ,Калининград,54.7104,20.5114,KGD,Калининградская,DEEONE ru-subjects.csv
г. Санкт-Петербург,г. Санкт-Петербург,Северо-Западный федеральный округ,Санкт-Петербург,59.9386,30.3141,SPE,Санкт-Петербург,DEEONE ru-subjects.csv
Ленинградская область,Ленинградская область,Северо-Западный федеральный округ,Гатчина,59.5704,30.1281,LEN,Ленинградская,DEEONE ru-subjects.csv
Архангельская область,Архангельская область,Северо-Западный федеральный округ,Архангельск,64.5401,40.5433,ARK,Архангельская,DEEONE ru-subjects.csv
Ненецкий автономный округ,Ненецкий автономный округ,Северо-Западный федеральный округ,Нарьян-Мар,67.6383,53.0084,NEN,Ненецкий АО,DEEONE ru-subjects.csv
Псковская область,Псковская область,Северо-Западный федеральный округ,Псков,57.8136,28.3569,PSK,Псковская,DEEONE ru-subjects.csv
Новгородская область,Новгородская область,Северо-Западный федеральный округ,Великий Новгород,58.5256,31.275,NGR,Новгородская,DEEONE ru-subjects.csv
Вологодская область,Вологодская область,Северо-Западный федеральный округ,Вологда,59.2205,39.8918,VLG,Вологодская,DEEONE ru-subjects.csv
Республика Коми,Республика Коми,Северо-Западный федеральный округ,Сыктывкар,61.6688,50.8088,KO,Коми,DEEONE ru-subjects.csv
Ямало-Ненецкий автономный округ,Ямало-Ненецкий автономный округ,Уральский федеральный округ,Салехард,66.5302,66.5965,YAN,Ямало-Ненецкий АО,DEEONE ru-subjects.csv
Красноярский край,Красноярский край,Сибирский федеральный округ,Красноярск,56.0153,92.8932,KYA,Красноярский,DEEONE ru-subjects.csv
Чукотский АО,Чукотский АО,Дальневосточный федеральный округ,Анадырь,64.7337,177.5103,CHU,Чукотский АО,DEEONE ru-subjects.csv
Камчатский край,Камчатский край,Дальневосточный федеральный округ,Петропавловск-Камчатский,53.0382,158.6505,KAM,Камчатский,DEEONE ru-subjects.csv
г. Москва,г. Москва,Центральный федеральный округ,Москва,55.7558,37.6173,MOW,Москва,DEEONE ru-subjects.csv
Тверская область,Тверская область,Центральный федеральный округ,Тверь,56.8587,35.9176,TVE,Тверская,DEEONE ru-subjects.csv
Ярославская область,Ярославская область,Центральный федеральный округ,Ярославль,57.6261,39.8742,YAR,Ярославская,DEEONE ru-subjects.csv
Ивановская область,Ивановская область,Центральный федеральный округ,Иваново,57.0006,40.9745,IVA,Ивановская,DEEONE ru-subjects.csv
Костромская область,Костромская область,Центральный федеральный округ,Кострома,57.7681,40.9269,KOS,Костромская,DEEONE ru-subjects.csv
Кировская область,Кировская область,Приволжский федеральный округ,Киров,58.6035,49.6601,KIR,Кировская,DEEONE ru-subjects.csv
Пермский край,Пермский край,Приволжский федеральный округ,Пермь,58.0105,56.2502,PER,Пермский,DEEONE ru-subjects.csv
Ханты-Мансийский автономный округ - Югра,Ханты-Мансийский автономный округ - Югра,Уральский федеральный округ,Ханты-Мансийск,61.0042,69.0019,KHM,Ханты-Мансийский АО — Югра,DEEONE ru-subjects.csv
Тюменская область,Тюменская область,Уральский федеральный округ,Тюмень,57.1522,65.5343,TYU,Тюменская,DEEONE ru-subjects.csv
Томская область,Томская область,Сибирский федеральный округ,Томск,56.4847,84.9482,TOM,Томская,DEEONE ru-subjects.csv
Кемеровская область,Кемеровская область,Сибирский федеральный округ,Кемерово,55.3547,86.0871,KEM,Кемеровская область — Кузбасс,DEEONE ru-subjects.csv
Иркутская область,Иркутская область,Сибирский федеральный округ,Иркутск,52.2978,104.2807,IRK,Иркутская,DEEONE ru-subjects.csv
Республика Саха (Якутия),Республика Саха (Якутия),Дальневосточный федеральный округ,Якутск,62.0281,129.7331,SA,Саха (Якутия),DEEONE ru-subjects.csv
Магаданская область,Магаданская область,Дальневосточный федеральный округ,Магадан,59.5638,150.808,MAG,Магаданская,DEEONE ru-subjects.csv
Смоленская область,Смоленская область,Центральный федеральный округ,Смоленск,54.7826,32.0453,SMO,Смоленская,DEEONE ru-subjects.csv
Московская область,Московская область,Центральный федеральный округ,Красногорск,55.8312,37.3299,MOS,Московская,DEEONE ru-subjects.csv
Владимирская область,Владимирская область,Центральный федеральный округ,Владимир,56.1366,40.4163,VLA,Владимирская,DEEONE ru-subjects.csv
Нижегородская область,Нижегородская область,Приволжский федеральный округ,Нижний Новгород,56.3287,43.9648,NIZ,Нижегородская,DEEONE ru-subjects.csv
Республика Марий Эл,Республика Марий Эл,Приволжский федеральный округ,Йошкар-Ола,56.6388,47.8908,ME,Марий Эл,DEEONE ru-subjects.csv
Удмуртская Республика,Удмуртская Республика,Приволжский федеральный округ,Ижевск,56.8527,53.2114,UD,Удмуртская,DEEONE ru-subjects.csv
Свердловская область,Свердловская область,Уральский федеральный округ,Екатеринбург,56.8389,60.6122,SVE,Свердловская,DEEONE ru-subjects.csv
Курганская область,Курганская область,Уральский федеральный округ,Курган,55.4413,65.3334,KGN,Курганская,DEEONE ru-subjects.csv
Новосибирская область,Новосибирская область,Сибирский федеральный округ,Новосибирск,55.0084,82.9357,NVS,Новосибирская,DEEONE ru-subjects.csv
Республика Хакасия,Республика Хакасия,Сибирский федеральный округ,Абакан,53.7223,91.4292,KK,Хакасия,DEEONE ru-subjects.csv
Республика Тыва,Республика Тыва,Сибирский федеральный округ,Кызыл,51.7191,94.4528,TY,Тыва,DEEONE ru-subjects.csv
Забайкальский край,Забайкальский край,Дальневосточный федеральный округ,Чита,52.0307,113.5006,ZAB,Забайкальский,DEEONE ru-subjects.csv
Хабаровский край,Хабаровский край,Дальневосточный федеральный округ,Хабаровск,48.4827,135.0721,KHA,Хабаровский,DEEONE ru-subjects.csv
Брянская область,Брянская область,Центральный федеральный округ,Брянск,53.2521,34.3654,BRY,Брянская,DEEONE ru-subjects.csv
Калужская область,Калужская область,Центральный федеральный округ,Калуга,54.5293,36.2754,KLU,Калужская,DEEONE ru-subjects.csv
Тульская область,Тульская область,Центральный федеральный округ,Тула,54.1931,37.6173,TUL,Тульская,DEEONE ru-subjects.csv
Рязанская область,Рязанская область,Центральный федеральный округ,Рязань,54.6269,39.7126,RYA,Рязанская,DEEONE ru-subjects.csv
Республика Мордовия,Республика Мордовия,Приволжский федеральный округ,Саранск,54.1838,45.18,MO,Мордовия,DEEONE ru-subjects.csv
Чувашская Республика,Чувашская Республика,Приволжский федеральный округ,Чебоксары,56.1322,47.2486,CU,Чувашская,DEEONE ru-subjects.csv
Республика Татарстан,Республика Татарстан,Приволжский федеральный округ,Казань,55.7963,49.1064,TA,Татарстан,DEEONE ru-subjects.csv
Республика Башкортостан,Республика Башкортостан,Приволжский федеральный округ,Уфа,54.7388,55.9587,BA,Башкортостан,DEEONE ru-subjects.csv
Челябинская область,Челябинская область,Уральский федеральный округ,Челябинск,55.1644,61.4022,CHE,Челябинская,DEEONE ru-subjects.csv
Омская область,Омская область,Сибирский федеральный округ,Омск,54.9893,73.3686,OMS,Омская,DEEONE ru-subjects.csv
Республика Алтай,Республика Алтай,Сибирский федеральный округ,Горно-Алтайск,51.9587,85.9601,AL,Алтай,DEEONE ru-subjects.csv
Алтайский край,Алтайский край,Сибирский федеральный округ,Барнаул,53.3481,83.7836,ALT,Алтайский,DEEONE ru-subjects.csv
Республика Бурятия,Республика Бурятия,Дальневосточный федеральный округ,Улан-Удэ,51.8335,107.6,BU,Бурятия,DEEONE ru-subjects.csv
Амурская область,Амурская область,Дальневосточный федеральный округ,Благовещенск,50.2907,127.5341,AMU,Амурская,DEEONE ru-subjects.csv
Еврейская автономная область,Еврейская автономная область,Дальневосточный федеральный округ,Биробиджан,48.7948,132.9237,YEV,Еврейская АО,DEEONE ru-subjects.csv
Сахалинская область,Сахалинская область,Дальневосточный федеральный округ,Южно-Сахалинск,46.9588,142.7378,SAK,Сахалинская,DEEONE ru-subjects.csv
Орловская область,Орловская область,Центральный федеральный округ,Орёл,52.9685,36.0626,ORL,Орловская,DEEONE ru-subjects.csv
Липецкая область,Липецкая область,Центральный федеральный округ,Липецк,52.6088,39.5708,LIP,Липецкая,DEEONE ru-subjects.csv
Тамбовская область,Тамбовская область,Центральный федеральный округ,Тамбов,52.7212,41.4523,TAM,Тамбовская,DEEONE ru-subjects.csv
Пензенская область,Пензенская область,Приволжский федеральный округ,Пенза,53.1959,45.0046,PNZ,Пензенская,DEEONE ru-subjects.csv
Ульяновская область,Ульяновская область,Приволжский федеральный округ,Ульяновск,54.3142,48.4001,ULY,Ульяновская,DEEONE ru-subjects.csv
Самарская область,Самарская область,Приволжский федеральный округ,Самара,53.1959,50.1606,SAM,Самарская,DEEONE ru-subjects.csv
Оренбургская область,Оренбургская область,Приволжский федеральный округ,Оренбург,51.7682,55.0982,ORE,Оренбургская,DEEONE ru-subjects.csv
Приморский край,Приморский край,Дальневосточный федеральный округ,Владивосток,43.1155,131.8859,PRI,Приморский,DEEONE ru-subjects.csv
Курская область,Курская область,Центральный федеральный округ,Курск,51.7304,36.1873,KRS,Курская,DEEONE ru-subjects.csv
Воронежская область,Воронежская область,Центральный федеральный округ,Воронеж,51.6608,39.1843,VOR,Воронежская,DEEONE ru-subjects.csv
Волгоградская область,Волгоградская область,Южный федеральный округ,Волгоград,48.708,44.5018,VGG,Волгоградская,DEEONE ru-subjects.csv
Саратовская область,Саратовская область,Приволжский федеральный округ,Саратов,51.5331,46.0342,SAR,Саратовская,DEEONE ru-subjects.csv
Луганская Народная Республика,Луганская Народная Республика,Южный федеральный округ,Луганск,48.574,39.3242,LPR,Луганская,DEEONE ru-subjects.csv
Белгородская область,Белгородская область,Центральный федеральный округ,Белгород,50.5953,36.5856,BEL,Белгородская,DEEONE ru-subjects.csv
Ростовская область,Ростовская область,Южный федеральный округ,Ростов-на-Дону,47.2225,39.7015,ROS,Ростовская,DEEONE ru-subjects.csv
Республика Калмыкия,Республика Калмыкия,Южный федеральный округ,Элиста,46.3081,44.2558,KL,Калмыкия,DEEONE ru-subjects.csv
Астраханская область,Астраханская область,Южный федеральный округ,Астрахань,46.3497,48.0408,AST,Астраханская,DEEONE ru-subjects.csv
Донецкая Народная Республика,Донецкая Народная Республика,Южный федеральный округ,Донецк,48.0023,37.805,DPR,Донецкая,DEEONE ru-subjects.csv
Краснодарский край,Краснодарский край,Южный федеральный округ,Краснодар,45.0355,38.975,KDA,Краснодарский,DEEONE ru-subjects.csv
Ставропольский край,Ставропольский край,Северо-Кавказский федеральный округ,Ставрополь,45.0428,41.9734,STA,Ставропольский,DEEONE ru-subjects.csv
Чеченская Республика,Чеченская Республика,Северо-Кавказский федеральный округ,Грозный,43.3179,45.6981,CE,Чеченская,DEEONE ru-subjects.csv
Республика Дагестан,Республика Дагестан,Северо-Кавказский федеральный округ,Махачкала,42.9849,47.5047,DA,Дагестан,DEEONE ru-subjects.csv
Херсонская область,Херсонская область,Южный федеральный округ,Геническ,46.174,34.8112,KHE,Херсонская,DEEONE ru-subjects.csv
Запорожская область,Запорожская область,Южный федеральный округ,Мелитополь,46.8489,35.3677,ZAP,Запорожская,DEEONE ru-subjects.csv
г. Севастополь,г. Севастополь,Южный федеральный округ,Севастополь,44.6166,33.5253,SEV,Севастополь,DEEONE ru-subjects.csv
Республика Крым,Республика Крым,Южный федеральный округ,Симферополь,44.9524,34.1024,CR,Крым,DEEONE ru-subjects.csv
Республика Адыгея,Республика Адыгея,Южный федеральный округ,Майкоп,44.6098,40.1006,AD,Адыгея,DEEONE ru-subjects.csv
Карачаево-Черкесская Республика,Карачаево-Черкесская Республика,Северо-Кавказский федеральный округ,Черкесск,44.2236,42.0568,KC,Карачаево-Черкесская,DEEONE ru-subjects.csv
Кабардино-Балкарская Республика,Кабардино-Балкарская Республика,Северо-Кавказский федеральный округ,Нальчик,43.4946,43.6155,KB,Кабардино-Балкарская,DEEONE ru-subjects.csv
Республика Ингушетия,Республика Ингушетия,Северо-Кавказский федеральный округ,Магас,43.1681,44.8133,IN,Ингушетия,DEEONE ru-subjects.csv
Республика Северная Осетия - Алания,Республика Северная Осетия - Алания,Северо-Кавказский федеральный округ,Владикавказ,43.0245,44.6818,SE,Северная Осетия — Алания,DEEONE ru-subjects.csv
