fedstat_name,geo_name,federal_district,capital_city,capital_lat,capital_lon,region_code,region_type,action,note
Алтайский край,Алтайский край,Сибирский федеральный округ,Барнаул,53.3481,83.7836,ALT,subject,keep,совпало со справочником
Амурская область,Амурская область,Дальневосточный федеральный округ,Благовещенск,50.2907,127.5341,AMU,subject,keep,совпало со справочником
Архангельская область,Архангельская область,Северо-Западный федеральный округ,Архангельск,64.5401,40.5433,ARK,subject,keep,совпало со справочником
Астраханская область,Астраханская область,Южный федеральный округ,Астрахань,46.3497,48.0408,AST,subject,keep,совпало со справочником
Белгородская область,Белгородская область,Центральный федеральный округ,Белгород,50.5953,36.5856,BEL,subject,keep,совпало со справочником
Брянская область,Брянская область,Центральный федеральный округ,Брянск,53.2521,34.3654,BRY,subject,keep,совпало со справочником
Владимирская область,Владимирская область,Центральный федеральный округ,Владимир,56.1366,40.4163,VLA,subject,keep,совпало со справочником
Волгоградская область,Волгоградская область,Южный федеральный округ,Волгоград,48.708,44.5018,VGG,subject,keep,совпало со справочником
Вологодская область,Вологодская область,Северо-Западный федеральный округ,Вологда,59.2205,39.8918,VLG,subject,keep,совпало со справочником
Воронежская область,Воронежская область,Центральный федеральный округ,Воронеж,51.6608,39.1843,VOR,subject,keep,совпало со справочником
Город Москва столица Российской Федерации город федерального значения,г. Москва,Центральный федеральный округ,Москва,55.7558,37.6173,MOW,subject_name_variant,map_to_canonical,вариант имени Fedstat
Город Санкт-Петербург город федерального значения,г. Санкт-Петербург,Северо-Западный федеральный округ,Санкт-Петербург,59.9386,30.3141,SPE,subject_name_variant,map_to_canonical,вариант имени Fedstat
Город федерального значения Севастополь,г. Севастополь,Южный федеральный округ,Севастополь,44.6166,33.5253,SEV,subject_name_variant,map_to_canonical,вариант имени Fedstat
Еврейская автономная область,Еврейская автономная область,Дальневосточный федеральный округ,Биробиджан,48.7948,132.9237,YEV,subject,keep,совпало со справочником
Забайкальский край,Забайкальский край,Дальневосточный федеральный округ,Чита,52.0307,113.5006,ZAB,subject,keep,совпало со справочником
Ивановская область,Ивановская область,Центральный федеральный округ,Иваново,57.0006,40.9745,IVA,subject,keep,совпало со справочником
Иркутская область,Иркутская область,Сибирский федеральный округ,Иркутск,52.2978,104.2807,IRK,subject,keep,совпало со справочником
Кабардино-Балкарская Республика,Кабардино-Балкарская Республика,Северо-Кавказский федеральный округ,Нальчик,43.4946,43.6155,KB,subject,keep,совпало со справочником
Калининградская область,Калининградская область,Северо-Западный федеральный округ,Калининград,54.7104,20.5114,KGD,subject,keep,совпало со справочником
Калужская область,Калужская область,Центральный федеральный округ,Калуга,54.5293,36.2754,KLU,subject,keep,совпало со справочником
Камчатский край,Камчатский край,Дальневосточный федеральный округ,Петропавловск-Камчатский,53.0382,158.6505,KAM,subject,keep,совпало со справочником
Карачаево-Черкесская Республика,Карачаево-Черкесская Республика,Северо-Кавказский федеральный округ,Черкесск,44.2236,42.0568,KC,subject,keep,совпало со справочником
Кемеровская область - Кузбасс,Кемеровская область,Сибирский федеральный округ,Кемерово,55.3547,86.0871,KEM,subject_name_variant,map_to_canonical,вариант имени Fedstat
Кировская область,Кировская область,Приволжский федеральный округ,Киров,58.6035,49.6601,KIR,subject,keep,совпало со справочником
Костромская область,Костромская область,Центральный федеральный округ,Кострома,57.7681,40.9269,KOS,subject,keep,совпало со справочником
Краснодарский край,Краснодарский край,Южный федеральный округ,Краснодар,45.0355,38.975,KDA,subject,keep,совпало со справочником
Красноярский край,Красноярский край,Сибирский федеральный округ,Красноярск,56.0153,92.8932,KYA,subject,keep,совпало со справочником
Курганская область,Курганская область,Уральский федеральный округ,Курган,55.4413,65.3334,KGN,subject,keep,совпало со справочником
Курская область,Курская область,Центральный федеральный округ,Курск,51.7304,36.1873,KRS,subject,keep,совпало со справочником
Ленинградская область,Ленинградская область,Северо-Западный федеральный округ,Гатчина,59.5704,30.1281,LEN,subject,keep,совпало со справочником
Липецкая область,Липецкая область,Центральный федеральный округ,Липецк,52.6088,39.5708,LIP,subject,keep,совпало со справочником
Магаданская область,Магаданская область,Дальневосточный федеральный округ,Магадан,59.5638,150.808,MAG,subject,keep,совпало со справочником
Московская область,Московская область,Центральный федеральный округ,Красногорск,55.8312,37.3299,MOS,subject,keep,совпало со справочником
Мурманская область,Мурманская область,Северо-Западный федеральный округ,Мурманск,68.9585,33.0826,MUR,subject,keep,совпало со справочником
Ненецкий автономный округ (Архангельская область),Ненецкий автономный округ,Северо-Западный федеральный округ,Нарьян-Мар,67.6383,53.0084,NEN,subject_name_variant,map_to_canonical,вариант имени Fedstat
Нижегородская область,Нижегородская область,Приволжский федеральный округ,Нижний Новгород,56.3287,43.9648,NIZ,subject,keep,совпало со справочником
Новгородская область,Новгородская область,Северо-Западный федеральный округ,Великий Новгород,58.5256,31.275,NGR,subject,keep,совпало со справочником
Новосибирская область,Новосибирская область,Сибирский федеральный округ,Новосибирск,55.0084,82.9357,NVS,subject,keep,совпало со справочником
Омская область,Омская область,Сибирский федеральный округ,Омск,54.9893,73.3686,OMS,subject,keep,совпало со справочником
Оренбургская область,Оренбургская область,Приволжский федеральный округ,Оренбург,51.7682,55.0982,ORE,subject,keep,совпало со справочником
Орловская область,Орловская область,Центральный федеральный округ,Орёл,52.9685,36.0626,ORL,subject,keep,совпало со справочником
Пензенская область,Пензенская область,Приволжский федеральный округ,Пенза,53.1959,45.0046,PNZ,subject,keep,совпало со справочником
Пермский край,Пермский край,Приволжский федеральный округ,Пермь,58.0105,56.2502,PER,subject,keep,совпало со справочником
Приморский край,Приморский край,Дальневосточный федеральный округ,Владивосток,43.1155,131.8859,PRI,subject,keep,совпало со справочником
Псковская область,Псковская область,Северо-Западный федеральный округ,Псков,57.8136,28.3569,PSK,subject,keep,совпало со справочником
Республика Адыгея (Адыгея),Республика Адыгея,Южный федеральный округ,Майкоп,44.6098,40.1006,AD,subject_name_variant,map_to_canonical,вариант имени Fedstat
Республика Алтай,Республика Алтай,Сибирский федеральный округ,Горно-Алтайск,51.9587,85.9601,AL,subject,keep,совпало со справочником
Республика Башкортостан,Республика Башкортостан,Приволжский федеральный округ,Уфа,54.7388,55.9587,BA,subject,keep,совпало со справочником
Республика Бурятия,Республика Бурятия,Дальневосточный федеральный округ,Улан-Удэ,51.8335,107.6,BU,subject,keep,совпало со справочником
Республика Дагестан,Республика Дагестан,Северо-Кавказский федеральный округ,Махачкала,42.9849,47.5047,DA,subject,keep,совпало со справочником
Республика Ингушетия,Республика Ингушетия,Северо-Кавказский федеральный округ,Магас,43.1681,44.8133,IN,subject,keep,совпало со справочником
Республика Калмыкия,Республика Калмыкия,Южный федеральный округ,Элиста,46.3081,44.2558,KL,subject,keep,совпало со справочником
Республика Карелия,Республика Карелия,Северо-Западный федеральный округ,Петрозаводск,61.789,34.3641,KR,subject,keep,совпало со справочником
Республика Коми,Республика Коми,Северо-Западный федеральный округ,Сыктывкар,61.6688,50.8088,KO,subject,keep,совпало со справочником
Республика Крым,Республика Крым,Южный федеральный округ,Симферополь,44.9524,34.1024,CR,subject,keep,совпало со справочником
Республика Марий Эл,Республика Марий Эл,Приволжский федеральный округ,Йошкар-Ола,56.6388,47.8908,ME,subject,keep,совпало со справочником
Республика Мордовия,Республика Мордовия,Приволжский федеральный округ,Саранск,54.1838,45.18,MO,subject,keep,совпало со справочником
Республика Саха (Якутия),Республика Саха (Якутия),Дальневосточный федеральный округ,Якутск,62.0281,129.7331,SA,subject,keep,совпало со справочником
Республика Северная Осетия-Алания,Республика Северная Осетия - Алания,Северо-Кавказский федеральный округ,Владикавказ,43.0245,44.6818,SE,subject_name_variant,map_to_canonical,вариант имени Fedstat
Республика Татарстан (Татарстан),Республика Татарстан,Приволжский федеральный округ,Казань,55.7963,49.1064,TA,subject_name_variant,map_to_canonical,вариант имени Fedstat
Республика Тыва,Республика Тыва,Сибирский федеральный округ,Кызыл,51.7191,94.4528,TY,subject,keep,совпало со справочником
Республика Хакасия,Республика Хакасия,Сибирский федеральный округ,Абакан,53.7223,91.4292,KK,subject,keep,совпало со справочником
Ростовская область,Ростовская область,Южный федеральный округ,Ростов-на-Дону,47.2225,39.7015,ROS,subject,keep,совпало со справочником
Рязанская область,Рязанская область,Центральный федеральный округ,Рязань,54.6269,39.7126,RYA,subject,keep,совпало со справочником
Самарская область,Самарская область,Приволжский федеральный округ,Самара,53.1959,50.1606,SAM,subject,keep,совпало со справочником
Саратовская область,Саратовская область,Приволжский федеральный округ,Саратов,51.5331,46.0342,SAR,subject,keep,совпало со справочником
Сахалинская область,Сахалинская область,Дальневосточный федеральный округ,Южно-Сахалинск,46.9588,142.7378,SAK,subject,keep,совпало со справочником
Свердловская область,Свердловская область,Уральский федеральный округ,Екатеринбург,56.8389,60.6122,SVE,subject,keep,совпало со справочником
Смоленская область,Смоленская область,Центральный федеральный округ,Смоленск,54.7826,32.0453,SMO,subject,keep,совпало со справочником
Ставропольский край,Ставропольский край,Северо-Кавказский федеральный округ,Ставрополь,45.0428,41.9734,STA,subject,keep,совпало со справочником
Тамбовская область,Тамбовская область,Центральный федеральный округ,Тамбов,52.7212,41.4523,TAM,subject,keep,совпало со справочником
Тверская область,Тверская область,Центральный федеральный округ,Тверь,56.8587,35.9176,TVE,subject,keep,совпало со справочником
Томская область,Томская область,Сибирский федеральный округ,Томск,56.4847,84.9482,TOM,subject,keep,совпало со справочником
Тульская область,Тульская область,Центральный федеральный округ,Тула,54.1931,37.6173,TUL,subject,keep,совпало со справочником
Тюменская область,Тюменская область,Уральский федеральный округ,Тюмень,57.1522,65.5343,TYU,subject,keep,совпало со справочником
Удмуртская Республика,Удмуртская Республика,Приволжский федеральный округ,Ижевск,56.8527,53.2114,UD,subject,keep,совпало со справочником
Ульяновская область,Ульяновская область,Приволжский федеральный округ,Ульяновск,54.3142,48.4001,ULY,subject,keep,совпало со справочником
Хабаровский край,Хабаровский край,Дальневосточный федеральный округ,Хабаровск,48.4827,135.0721,KHA,subject,keep,совпало со справочником
Ханты-Мансийский автономный округ - Югра (Тюменская область),Ханты-Мансийский автономный округ - Югра,Уральский федеральный округ,Ханты-Мансийск,61.0042,69.0019,KHM,subject_name_variant,map_to_canonical,вариант имени Fedstat
Челябинская область,Челябинская область,Уральский федеральный округ,Челябинск,55.1644,61.4022,CHE,subject,keep,совпало со справочником
Чеченская Республика,Чеченская Республика,Северо-Кавказский федеральный округ,Грозный,43.3179,45.6981,CE,subject,keep,совпало со справочником
Чувашская Республика - Чувашия,Чувашская Республика,Приволжский федеральный округ,Чебоксары,56.1322,47.2486,CU,subject_name_variant,map_to_canonical,вариант имени Fedstat
Чукотский автономный округ,Чукотский автономный округ,Дальневосточный федеральный округ,Анадырь,64.73,177.51,,subject,keep,совпало со справочником
Ямало-Ненецкий автономный округ (Тюменская область),Ямало-Ненецкий автономный округ,Уральский федеральный округ,Салехард,66.5302,66.5965,YAN,subject_name_variant,map_to_canonical,вариант имени Fedstat
Ярославская область,Ярославская область,Центральный федеральный округ,Ярославль,57.6261,39.8742,YAR,subject,keep,совпало со справочником
