region,period,value_mln_rub
Алтайский край,1991,7.2
Алтайский край,1992,73.0
Алтайский край,1993,638.2
Алтайский край,1994,1717.3
Алтайский край,1995,5689.1
Алтайский край,1996,7719.6
Алтайский край,1997,7121.6
Алтайский край,1998,8555.5
Алтайский край,1999,15571.5
Алтайский край,2000,24042.4
Алтайский край,2001,30758.5
Алтайский край,2002,30520.8
Алтайский край,2003,35249.4
Алтайский край,2004,41466.5
Алтайский край,2005,39838.9
Алтайский край,2006,46439.9
Алтайский край,2007,56142.3
Алтайский край,2008,66992.4
Алтайский край,2009,72625.7
Алтайский край,2010,78562.6
Алтайский край,2011,87685.0
Алтайский край,2012,85050.9
Алтайский край,2013,102220.0
Алтайский край,2014,98774.0
Алтайский край,2015,123740.7
Алтайский край,2016,143325.3
Алтайский край,2017,125999.3
Алтайский край,2018,131825.1
Алтайский край,2019,144540.3
Алтайский край,2020,163229.6
Алтайский край,2021,241624.9
Алтайский край,2022,249362.4
Алтайский край,2023,221096.3
Алтайский край,2024,268010.4
Амурская область,1991,2.5
Амурская область,1992,24.5
Амурская область,1993,196.9
Амурская область,1994,796.6
Амурская область,1995,1454.0
Амурская область,1996,2387.9
Амурская область,1997,2895.0
Амурская область,1998,2770.8
Амурская область,1999,4936.9
Амурская область,2000,6200.5
Амурская область,2001,7509.3
Амурская область,2002,8287.5
Амурская область,2003,6244.1
Амурская область,2004,8495.7
Амурская область,2005,8705.0
Амурская область,2006,9999.8
Амурская область,2007,12296.2
Амурская область,2008,14496.1
Амурская область,2009,19394.7
Амурская область,2010,19851.0
Амурская область,2011,26487.4
Амурская область,2012,26499.8
Амурская область,2013,20733.3
Амурская область,2014,37047.6
Амурская область,2015,43566.6
Амурская область,2016,47012.3
Амурская область,2017,50419.9
Амурская область,2018,47636.6
Амурская область,2019,44736.4
Амурская область,2020,53895.8
Амурская область,2021,74446.6
Амурская область,2022,85919.2
Амурская область,2023,85162.8
Амурская область,2024,94683.7
Архангельская область,1991,1.7
Архангельская область,1992,13.6
Архангельская область,1993,130.6
Архангельская область,1994,539.5
Архангельская область,1995,1608.6
Архангельская область,1996,2246.5
Архангельская область,1997,2216.8
Архангельская область,1998,2398.0
Архангельская область,1999,4006.5
Архангельская область,2000,4524.8
Архангельская область,2001,4677.1
Архангельская область,2002,4801.5
Архангельская область,2003,4657.8
Архангельская область,2004,5013.9
Архангельская область,2005,5251.2
Архангельская область,2006,5874.2
Архангельская область,2007,5897.2
Архангельская область,2008,7526.9
Архангельская область,2009,8676.1
Архангельская область,2010,9103.8
Архангельская область,2011,10941.8
Архангельская область,2012,11016.3
Архангельская область,2013,10539.7
Архангельская область,2014,12644.8
Архангельская область,2015,11706.0
Архангельская область,2016,12196.5
Архангельская область,2017,10824.4
Архангельская область,2018,11017.2
Архангельская область,2019,11406.3
Архангельская область,2020,10963.5
Архангельская область,2021,13824.8
Архангельская область,2022,14041.3
Архангельская область,2023,14420.5
Архангельская область,2024,15800.9
Астраханская область,1991,1.9
Астраханская область,1992,11.7
Астраханская область,1993,112.3
Астраханская область,1994,426.7
Астраханская область,1995,1194.3
Астраханская область,1996,1372.5
Астраханская область,1997,1458.1
Астраханская область,1998,1682.9
Астраханская область,1999,2560.4
Астраханская область,2000,2990.5
Астраханская область,2001,3584.2
Астраханская область,2002,4159.9
Астраханская область,2003,4736.2
Астраханская область,2004,5747.7
Астраханская область,2005,7892.8
Астраханская область,2006,9147.0
Астраханская область,2007,11261.4
Астраханская область,2008,14983.7
Астраханская область,2009,18103.6
Астраханская область,2010,19961.9
Астраханская область,2011,20185.4
Астраханская область,2012,23755.6
Астраханская область,2013,26657.0
Астраханская область,2014,29070.4
Астраханская область,2015,36287.3
Астраханская область,2016,37312.5
Астраханская область,2017,41051.0
Астраханская область,2018,43707.1
Астраханская область,2019,50410.1
Астраханская область,2020,55487.6
Астраханская область,2021,63063.4
Астраханская область,2022,64950.9
Астраханская область,2023,71507.3
Астраханская область,2024,75270.2
Белгородская область,1991,4.1
Белгородская область,1992,50.8
Белгородская область,1993,384.1
Белгородская область,1994,995.5
Белгородская область,1995,3310.9
Белгородская область,1996,4741.6
Белгородская область,1997,4806.7
Белгородская область,1998,4880.8
Белгородская область,1999,11056.0
Белгородская область,2000,15109.2
Белгородская область,2001,19480.1
Белгородская область,2002,19612.5
Белгородская область,2003,22927.0
Белгородская область,2004,26435.3
Белгородская область,2005,32690.6
Белгородская область,2006,39067.6
Белгородская область,2007,55937.9
Белгородская область,2008,78371.6
Белгородская область,2009,88939.6
Белгородская область,2010,97736.0
Белгородская область,2011,134120.6
Белгородская область,2012,148430.9
Белгородская область,2013,154166.2
Белгородская область,2014,186770.7
Белгородская область,2015,218384.9
Белгородская область,2016,226058.1
Белгородская область,2017,227268.9
Белгородская область,2018,257038.0
Белгородская область,2019,265692.5
Белгородская область,2020,288878.7
Белгородская область,2021,342101.4
Белгородская область,2022,349344.0
Белгородская область,2023,350334.4
Белгородская область,2024,367508.9
Брянская область,1991,4.0
Брянская область,1992,38.0
Брянская область,1993,268.6
Брянская область,1994,968.9
Брянская область,1995,2837.1
Брянская область,1996,3744.2
Брянская область,1997,3717.4
Брянская область,1998,4127.7
Брянская область,1999,8225.3
Брянская область,2000,9308.3
Брянская область,2001,10287.9
Брянская область,2002,11821.1
Брянская область,2003,11846.0
Брянская область,2004,12548.0
Брянская область,2005,13494.2
Брянская область,2006,14295.4
Брянская область,2007,16615.8
Брянская область,2008,20827.9
Брянская область,2009,22820.4
Брянская область,2010,25998.8
Брянская область,2011,32010.1
Брянская область,2012,34746.9
Брянская область,2013,41579.8
Брянская область,2014,53867.8
Брянская область,2015,71058.5
Брянская область,2016,78392.9
Брянская область,2017,84470.0
Брянская область,2018,85146.0
Брянская область,2019,91846.3
Брянская область,2020,97285.7
Брянская область,2021,118137.8
Брянская область,2022,133651.8
Брянская область,2023,148061.9
Брянская область,2024,157653.4
Владимирская область,1991,2.6
Владимирская область,1992,32.9
Владимирская область,1993,192.3
Владимирская область,1994,740.2
Владимирская область,1995,2281.3
Владимирская область,1996,2887.2
Владимирская область,1997,2685.4
Владимирская область,1998,3336.3
Владимирская область,1999,6733.9
Владимирская область,2000,7201.9
Владимирская область,2001,7770.5
Владимирская область,2002,9077.4
Владимирская область,2003,10722.8
Владимирская область,2004,11039.6
Владимирская область,2005,12530.5
Владимирская область,2006,13347.4
Владимирская область,2007,15328.4
Владимирская область,2008,18018.9
Владимирская область,2009,18385.6
Владимирская область,2010,17078.3
Владимирская область,2011,21889.1
Владимирская область,2012,23247.9
Владимирская область,2013,23874.0
Владимирская область,2014,27781.4
Владимирская область,2015,31297.4
Владимирская область,2016,30833.3
Владимирская область,2017,28911.4
Владимирская область,2018,29650.7
Владимирская область,2019,30620.3
Владимирская область,2020,32877.4
Владимирская область,2021,37906.0
Владимирская область,2022,42973.9
Владимирская область,2023,45981.6
Владимирская область,2024,52447.0
Волгоградская область,1991,6.2
Волгоградская область,1992,71.6
Волгоградская область,1993,603.4
Волгоградская область,1994,1766.1
Волгоградская область,1995,4324.0
Волгоградская область,1996,6433.2
Волгоградская область,1997,7385.2
Волгоградская область,1998,6826.0
Волгоградская область,1999,12808.0
Волгоградская область,2000,16476.6
Волгоградская область,2001,22255.3
Волгоградская область,2002,23733.4
Волгоградская область,2003,28661.9
Волгоградская область,2004,33063.5
Волгоградская область,2005,32958.5
Волгоградская область,2006,39369.9
Волгоградская область,2007,51036.4
Волгоградская область,2008,67488.5
Волгоградская область,2009,62337.3
Волгоградская область,2010,60161.4
Волгоградская область,2011,72370.4
Волгоградская область,2012,78663.7
Волгоградская область,2013,83791.0
Волгоградская область,2014,100672.7
Волгоградская область,2015,121330.0
Волгоградская область,2016,136630.6
Волгоградская область,2017,133764.2
Волгоградская область,2018,128274.4
Волгоградская область,2019,149118.1
Волгоградская область,2020,179018.0
Волгоградская область,2021,220832.2
Волгоградская область,2022,247284.3
Волгоградская область,2023,237437.7
Волгоградская область,2024,233315.4
Вологодская область,1991,2.8
Вологодская область,1992,43.7
Вологодская область,1993,229.3
Вологодская область,1994,841.1
Вологодская область,1995,2506.6
Вологодская область,1996,3095.4
Вологодская область,1997,3520.5
Вологодская область,1998,3743.4
Вологодская область,1999,7430.7
Вологодская область,2000,8717.9
Вологодская область,2001,10346.5
Вологодская область,2002,10841.0
Вологодская область,2003,11260.4
Вологодская область,2004,11958.4
Вологодская область,2005,14165.7
Вологодская область,2006,14558.1
Вологодская область,2007,16402.0
Вологодская область,2008,19040.6
Вологодская область,2009,18184.2
Вологодская область,2010,18892.9
Вологодская область,2011,22196.4
Вологодская область,2012,20633.3
Вологодская область,2013,20982.3
Вологодская область,2014,24235.3
Вологодская область,2015,26938.2
Вологодская область,2016,28806.6
Вологодская область,2017,26621.5
Вологодская область,2018,29254.6
Вологодская область,2019,33062.0
Вологодская область,2020,35976.2
Вологодская область,2021,41597.3
Вологодская область,2022,47901.3
Вологодская область,2023,47794.6
Вологодская область,2024,56653.2
Воронежская область,1991,5.4
Воронежская область,1992,63.2
Воронежская область,1993,525.4
Воронежская область,1994,1455.2
Воронежская область,1995,4118.8
Воронежская область,1996,5716.8
Воронежская область,1997,6879.4
Воронежская область,1998,6727.5
Воронежская область,1999,14675.6
Воронежская область,2000,18073.4
Воронежская область,2001,22058.6
Воронежская область,2002,23226.0
Воронежская область,2003,28818.8
Воронежская область,2004,29283.6
Воронежская область,2005,31668.5
Воронежская область,2006,35947.4
Воронежская область,2007,52076.0
Воронежская область,2008,67376.5
Воронежская область,2009,73248.8
Воронежская область,2010,67935.5
Воронежская область,2011,99248.9
Воронежская область,2012,123891.8
Воронежская область,2013,144942.4
Воронежская область,2014,158526.2
Воронежская область,2015,193057.8
Воронежская область,2016,199308.0
Воронежская область,2017,193876.1
Воронежская область,2018,219151.4
Воронежская область,2019,221943.9
Воронежская область,2020,262329.9
Воронежская область,2021,319446.3
Воронежская область,2022,342108.2
Воронежская область,2023,356515.6
Воронежская область,2024,353859.6
Еврейская автономная область,1993,44.2
Еврейская автономная область,1994,152.3
Еврейская автономная область,1995,344.8
Еврейская автономная область,1996,390.9
Еврейская автономная область,1997,345.0
Еврейская автономная область,1998,412.8
Еврейская автономная область,1999,636.6
Еврейская автономная область,2000,874.5
Еврейская автономная область,2001,1176.3
Еврейская автономная область,2002,1305.9
Еврейская автономная область,2003,1626.0
Еврейская автономная область,2004,2033.9
Еврейская автономная область,2005,2757.6
Еврейская автономная область,2006,3091.2
Еврейская автономная область,2007,3650.5
Еврейская автономная область,2008,4299.3
Еврейская автономная область,2009,4300.6
Еврейская автономная область,2010,5142.2
Еврейская автономная область,2011,5750.8
Еврейская автономная область,2012,4558.4
Еврейская автономная область,2013,3123.2
Еврейская автономная область,2014,4779.9
Еврейская автономная область,2015,5750.9
Еврейская автономная область,2016,5485.9
Еврейская автономная область,2017,5216.3
Еврейская автономная область,2018,5771.8
Еврейская автономная область,2019,3343.6
Еврейская автономная область,2020,4397.6
Еврейская автономная область,2021,5475.7
Еврейская автономная область,2022,7037.0
Еврейская автономная область,2023,9174.5
Еврейская автономная область,2024,8992.9
Забайкальский край,1991,2.6
Забайкальский край,1992,22.9
Забайкальский край,1993,214.7
Забайкальский край,1994,741.0
Забайкальский край,1995,1987.5
Забайкальский край,1996,2558.7
Забайкальский край,1997,2656.8
Забайкальский край,1998,2438.6
Забайкальский край,1999,4797.5
Забайкальский край,2000,5712.1
Забайкальский край,2001,5846.9
Забайкальский край,2002,6616.7
Забайкальский край,2003,6812.6
Забайкальский край,2004,7078.4
Забайкальский край,2005,8427.0
Забайкальский край,2006,9389.2
Забайкальский край,2007,10437.4
Забайкальский край,2008,11960.7
Забайкальский край,2009,13003.1
Забайкальский край,2010,13527.8
Забайкальский край,2011,15189.6
Забайкальский край,2012,17102.1
Забайкальский край,2013,17788.9
Забайкальский край,2014,18705.0
Забайкальский край,2015,19519.0
Забайкальский край,2016,21463.6
Забайкальский край,2017,22511.5
Забайкальский край,2018,22903.4
Забайкальский край,2019,22509.6
Забайкальский край,2020,23167.8
Забайкальский край,2021,24451.7
Забайкальский край,2022,27898.8
Забайкальский край,2023,27898.1
Забайкальский край,2024,29834.6
Ивановская область,1991,2.0
Ивановская область,1992,16.9
Ивановская область,1993,163.7
Ивановская область,1994,540.5
Ивановская область,1995,1374.2
Ивановская область,1996,1751.4
Ивановская область,1997,1740.1
Ивановская область,1998,1695.9
Ивановская область,1999,3552.3
Ивановская область,2000,4205.7
Ивановская область,2001,4666.5
Ивановская область,2002,4807.0
Ивановская область,2003,5442.1
Ивановская область,2004,6006.4
Ивановская область,2005,6334.8
Ивановская область,2006,6970.5
Ивановская область,2007,8245.5
Ивановская область,2008,8619.9
Ивановская область,2009,9117.3
Ивановская область,2010,9939.2
Ивановская область,2011,12362.2
Ивановская область,2012,12372.4
Ивановская область,2013,12492.7
Ивановская область,2014,13807.5
Ивановская область,2015,14938.9
Ивановская область,2016,14951.5
Ивановская область,2017,14887.4
Ивановская область,2018,16084.8
Ивановская область,2019,17244.2
Ивановская область,2020,19334.5
Ивановская область,2021,22497.3
Ивановская область,2022,23176.6
Ивановская область,2023,27231.8
Ивановская область,2024,29535.6
Иркутская область,1991,3.6
Иркутская область,1992,42.9
Иркутская область,1993,425.8
Иркутская область,1994,1968.3
Иркутская область,1995,4120.3
Иркутская область,1996,5421.5
Иркутская область,1997,6433.6
Иркутская область,1998,5919.5
Иркутская область,1999,10124.4
Иркутская область,2000,10006.1
Иркутская область,2001,14543.9
Иркутская область,2002,14894.1
Иркутская область,2003,15568.4
Иркутская область,2004,17824.9
Иркутская область,2005,19670.4
Иркутская область,2006,21925.7
Иркутская область,2007,25942.8
Иркутская область,2008,29996.7
Иркутская область,2009,33196.1
Иркутская область,2010,35119.9
Иркутская область,2011,40990.2
Иркутская область,2012,44079.1
Иркутская область,2013,46630.0
Иркутская область,2014,51765.4
Иркутская область,2015,53600.8
Иркутская область,2016,58721.7
Иркутская область,2017,61900.4
Иркутская область,2018,63548.6
Иркутская область,2019,62153.5
Иркутская область,2020,67043.2
Иркутская область,2021,74737.1
Иркутская область,2022,80456.7
Иркутская область,2023,80655.8
Иркутская область,2024,91907.1
Кабардино-Балкарская Республика,1991,1.6
Кабардино-Балкарская Республика,1992,15.2
Кабардино-Балкарская Республика,1993,150.8
Кабардино-Балкарская Республика,1994,369.1
Кабардино-Балкарская Республика,1995,1210.9
Кабардино-Балкарская Республика,1996,2021.3
Кабардино-Балкарская Республика,1997,2096.0
Кабардино-Балкарская Республика,1998,2638.3
Кабардино-Балкарская Республика,1999,5216.6
Кабардино-Балкарская Республика,2000,7749.6
Кабардино-Балкарская Республика,2001,9912.2
Кабардино-Балкарская Республика,2002,11084.5
Кабардино-Балкарская Республика,2003,12256.5
Кабардино-Балкарская Республика,2004,13695.3
Кабардино-Балкарская Республика,2005,13581.1
Кабардино-Балкарская Республика,2006,14555.7
Кабардино-Балкарская Республика,2007,16640.3
Кабардино-Балкарская Республика,2008,19176.1
Кабардино-Балкарская Республика,2009,20116.9
Кабардино-Балкарская Республика,2010,23588.3
Кабардино-Балкарская Республика,2011,27133.7
Кабардино-Балкарская Республика,2012,29617.8
Кабардино-Балкарская Республика,2013,31774.4
Кабардино-Балкарская Республика,2014,33326.2
Кабардино-Балкарская Республика,2015,37919.8
Кабардино-Балкарская Республика,2016,42423.5
Кабардино-Балкарская Республика,2017,45709.8
Кабардино-Балкарская Республика,2018,49384.7
Кабардино-Балкарская Республика,2019,54933.6
Кабардино-Балкарская Республика,2020,59241.5
Кабардино-Балкарская Республика,2021,67970.8
Кабардино-Балкарская Республика,2022,84382.1
Кабардино-Балкарская Республика,2023,96037.1
Кабардино-Балкарская Республика,2024,117617.6
Калининградская область,1991,1.9
Калининградская область,1992,15.6
Калининградская область,1993,154.9
Калининградская область,1994,465.4
Калининградская область,1995,1037.9
Калининградская область,1996,1351.3
Калининградская область,1997,1313.2
Калининградская область,1998,1416.0
Калининградская область,1999,2566.7
Калининградская область,2000,3420.8
Калининградская область,2001,3911.6
Калининградская область,2002,4565.9
Калининградская область,2003,5234.2
Калининградская область,2004,6519.3
Калининградская область,2005,7504.7
Калининградская область,2006,9213.2
Калининградская область,2007,10168.4
Калининградская область,2008,14698.2
Калининградская область,2009,15171.3
Калининградская область,2010,15279.5
Калининградская область,2011,17309.8
Калининградская область,2012,19182.7
Калининградская область,2013,20056.6
Калининградская область,2014,24401.6
Калининградская область,2015,31048.0
Калининградская область,2016,29579.8
Калининградская область,2017,32396.2
Калининградская область,2018,34738.9
Калининградская область,2019,40752.1
Калининградская область,2020,46134.8
Калининградская область,2021,56410.8
Калининградская область,2022,58535.8
Калининградская область,2023,63091.5
Калининградская область,2024,74635.2
Калужская область,1991,2.3
Калужская область,1992,22.5
Калужская область,1993,223.3
Калужская область,1994,798.7
Калужская область,1995,2105.0
Калужская область,1996,2764.8
Калужская область,1997,2565.6
Калужская область,1998,2903.4
Калужская область,1999,5628.2
Калужская область,2000,6216.4
Калужская область,2001,7220.0
Калужская область,2002,7881.6
Калужская область,2003,8756.0
Калужская область,2004,9674.8
Калужская область,2005,10942.3
Калужская область,2006,11697.9
Калужская область,2007,14032.1
Калужская область,2008,17775.3
Калужская область,2009,19709.6
Калужская область,2010,20036.4
Калужская область,2011,22572.4
Калужская область,2012,24484.4
Калужская область,2013,24082.3
Калужская область,2014,28031.3
Калужская область,2015,33066.6
Калужская область,2016,33570.7
Калужская область,2017,38538.4
Калужская область,2018,43850.7
Калужская область,2019,51216.1
Калужская область,2020,54392.2
Калужская область,2021,60059.3
Калужская область,2022,72641.0
Калужская область,2023,83380.3
Калужская область,2024,93689.2
Камчатский край,1991,0.8
Камчатский край,1992,8.3
Камчатский край,1993,113.0
Камчатский край,1994,341.4
Камчатский край,1995,651.2
Камчатский край,1996,1112.4
Камчатский край,1997,1182.3
Камчатский край,1998,1204.0
Камчатский край,1999,1294.7
Камчатский край,2000,1556.5
Камчатский край,2001,1603.2
Камчатский край,2002,1779.8
Камчатский край,2003,1914.8
Камчатский край,2004,1948.8
Камчатский край,2005,2183.5
Камчатский край,2006,2628.6
Камчатский край,2007,2708.8
Камчатский край,2008,2978.9
Камчатский край,2009,3899.2
Камчатский край,2010,4085.1
Камчатский край,2011,4668.4
Камчатский край,2012,4749.6
Камчатский край,2013,5225.9
Камчатский край,2014,6852.8
Камчатский край,2015,6721.3
Камчатский край,2016,7378.3
Камчатский край,2017,7915.5
Камчатский край,2018,8249.2
Камчатский край,2019,10129.2
Камчатский край,2020,10011.0
Камчатский край,2021,10907.4
Камчатский край,2022,10960.6
Камчатский край,2023,11507.7
Камчатский край,2024,11527.0
Карачаево-Черкесская Республика,1991,1.2
Карачаево-Черкесская Республика,1992,9.8
Карачаево-Черкесская Республика,1993,72.7
Карачаево-Черкесская Республика,1994,286.3
Карачаево-Черкесская Республика,1995,705.6
Карачаево-Черкесская Республика,1996,1071.6
Карачаево-Черкесская Республика,1997,1202.8
Карачаево-Черкесская Республика,1998,1219.2
Карачаево-Черкесская Республика,1999,2397.1
Карачаево-Черкесская Республика,2000,3017.1
Карачаево-Черкесская Республика,2001,3434.2
Карачаево-Черкесская Республика,2002,4421.7
Карачаево-Черкесская Республика,2003,4630.0
Карачаево-Черкесская Республика,2004,5257.4
Карачаево-Черкесская Республика,2005,6633.4
Карачаево-Черкесская Республика,2006,7971.4
Карачаево-Черкесская Республика,2007,9475.6
Карачаево-Черкесская Республика,2008,11563.7
Карачаево-Черкесская Республика,2009,13591.2
Карачаево-Черкесская Республика,2010,15040.5
Карачаево-Черкесская Республика,2011,17577.5
Карачаево-Черкесская Республика,2012,17768.3
Карачаево-Черкесская Республика,2013,19883.7
Карачаево-Черкесская Республика,2014,20844.9
Карачаево-Черкесская Республика,2015,26032.4
Карачаево-Черкесская Республика,2016,26801.5
Карачаево-Черкесская Республика,2017,27580.3
Карачаево-Черкесская Республика,2018,29512.5
Карачаево-Черкесская Республика,2019,32106.4
Карачаево-Черкесская Республика,2020,31697.9
Карачаево-Черкесская Республика,2021,39132.9
Карачаево-Черкесская Республика,2022,40714.3
Карачаево-Черкесская Республика,2023,43596.2
Карачаево-Черкесская Республика,2024,47060.4
Кемеровская область,1991,3.7
Кемеровская область,1992,36.5
Кемеровская область,1993,360.2
Кемеровская область,1994,1191.8
Кемеровская область,1995,3267.4
Кемеровская область,1996,4655.9
Кемеровская область,1997,5205.7
Кемеровская область,1998,4180.6
Кемеровская область,1999,8079.2
Кемеровская область,2000,9146.6
Кемеровская область,2001,10189.3
Кемеровская область,2002,11265.2
Кемеровская область,2003,13161.4
Кемеровская область,2004,15256.9
Кемеровская область,2005,16148.1
Кемеровская область,2006,20040.0
Кемеровская область,2007,24295.2
Кемеровская область,2008,31905.7
Кемеровская область,2009,30805.3
Кемеровская область,2010,31881.3
Кемеровская область,2011,35427.7
Кемеровская область,2012,33597.5
Кемеровская область,2013,39378.8
Кемеровская область,2014,43163.2
Кемеровская область,2015,48463.6
Кемеровская область,2016,48596.1
Кемеровская область,2017,48027.9
Кемеровская область,2018,46912.2
Кемеровская область,2019,47806.4
Кемеровская область,2020,60588.7
Кемеровская область,2021,80284.6
Кемеровская область,2022,84746.7
Кемеровская область,2023,78175.5
Кемеровская область,2024,85815.2
Кировская область,1991,4.2
Кировская область,1992,39.7
Кировская область,1993,297.1
Кировская область,1994,1131.4
Кировская область,1995,3684.3
Кировская область,1996,4407.7
Кировская область,1997,4723.6
Кировская область,1998,4697.6
Кировская область,1999,8883.3
Кировская область,2000,10920.2
Кировская область,2001,12958.1
Кировская область,2002,12828.6
Кировская область,2003,13436.6
Кировская область,2004,15386.7
Кировская область,2005,16252.5
Кировская область,2006,16817.5
Кировская область,2007,17005.4
Кировская область,2008,22378.1
Кировская область,2009,22102.5
Кировская область,2010,22088.7
Кировская область,2011,27281.2
Кировская область,2012,26061.5
Кировская область,2013,27151.6
Кировская область,2014,33947.0
Кировская область,2015,36231.8
Кировская область,2016,38528.8
Кировская область,2017,39271.8
Кировская область,2018,41252.6
Кировская область,2019,43878.9
Кировская область,2020,48927.6
Кировская область,2021,53917.7
Кировская область,2022,68126.0
Кировская область,2023,62455.6
Кировская область,2024,73174.9
Костромская область,1991,1.8
Костромская область,1992,15.1
Костромская область,1993,127.0
Костромская область,1994,485.8
Костромская область,1995,1600.3
Костромская область,1996,1926.4
Костромская область,1997,2441.5
Костромская область,1998,2687.6
Костромская область,1999,4339.1
Костромская область,2000,5082.7
Костромская область,2001,6379.6
Костромская область,2002,6964.0
Костромская область,2003,6787.7
Костромская область,2004,7250.8
Костромская область,2005,8082.0
Костромская область,2006,9139.9
Костромская область,2007,10051.5
Костромская область,2008,11283.8
Костромская область,2009,11382.8
Костромская область,2010,12366.4
Костромская область,2011,13378.0
Костромская область,2012,13650.1
Костромская область,2013,14131.3
Костромская область,2014,15607.2
Костромская область,2015,17942.5
Костромская область,2016,16782.9
Костромская область,2017,15645.2
Костромская область,2018,15929.0
Костромская область,2019,16764.2
Костромская область,2020,18274.0
Костромская область,2021,19810.2
Костромская область,2022,20197.9
Костромская область,2023,24565.9
Костромская область,2024,28852.8
Краснодарский край,1991,12.8
Краснодарский край,1992,145.7
Краснодарский край,1993,1202.8
Краснодарский край,1994,3093.8
Краснодарский край,1995,9221.3
Краснодарский край,1996,12787.7
Краснодарский край,1997,13630.4
Краснодарский край,1998,13962.1
Краснодарский край,1999,31766.9
Краснодарский край,2000,46699.3
Краснодарский край,2001,60106.4
Краснодарский край,2002,63363.9
Краснодарский край,2003,66824.6
Краснодарский край,2004,88088.0
Краснодарский край,2005,97106.2
Краснодарский край,2006,111248.7
Краснодарский край,2007,128007.5
Краснодарский край,2008,166498.4
Краснодарский край,2009,158684.9
Краснодарский край,2010,184082.5
Краснодарский край,2011,220628.6
Краснодарский край,2012,213646.2
Краснодарский край,2013,229951.0
Краснодарский край,2014,266662.6
Краснодарский край,2015,340566.9
Краснодарский край,2016,370761.8
Краснодарский край,2017,364025.8
Краснодарский край,2018,382468.0
Краснодарский край,2019,417200.6
Краснодарский край,2020,432962.7
Краснодарский край,2021,556249.2
Краснодарский край,2022,602922.6
Краснодарский край,2023,584836.4
Краснодарский край,2024,636984.9
Красноярский край,1991,5.1
Красноярский край,1992,59.7
Красноярский край,1993,525.2
Красноярский край,1994,1665.5
Красноярский край,1995,5495.9
Красноярский край,1996,7377.0
Красноярский край,1997,8561.8
Красноярский край,1998,8978.2
Красноярский край,1999,15310.2
Красноярский край,2000,20406.9
Красноярский край,2001,21977.3
Красноярский край,2002,23150.6
Красноярский край,2003,24374.0
Красноярский край,2004,29730.2
Красноярский край,2005,31037.4
Красноярский край,2006,35359.2
Красноярский край,2007,42733.2
Красноярский край,2008,53634.4
Красноярский край,2009,53517.8
Красноярский край,2010,56408.0
Красноярский край,2011,61213.7
Красноярский край,2012,56614.7
Красноярский край,2013,61183.1
Красноярский край,2014,66302.4
Красноярский край,2015,76204.2
Красноярский край,2016,80982.7
Красноярский край,2017,71934.7
Красноярский край,2018,77914.1
Красноярский край,2019,84865.0
Красноярский край,2020,105973.3
Красноярский край,2021,122139.4
Красноярский край,2022,126276.5
Красноярский край,2023,118423.4
Красноярский край,2024,135379.7
Курганская область,1991,3.5
Курганская область,1992,33.2
Курганская область,1993,278.2
Курганская область,1994,1041.6
Курганская область,1995,2518.6
Курганская область,1996,3712.8
Курганская область,1997,3832.9
Курганская область,1998,2890.1
Курганская область,1999,6579.2
Курганская область,2000,7602.9
Курганская область,2001,9640.7
Курганская область,2002,9235.8
Курганская область,2003,9583.8
Курганская область,2004,10679.2
Курганская область,2005,10982.4
Курганская область,2006,13754.8
Курганская область,2007,16873.2
Курганская область,2008,21802.3
Курганская область,2009,24114.9
Курганская область,2010,19650.8
Курганская область,2011,29477.3
Курганская область,2012,25553.9
Курганская область,2013,33084.4
Курганская область,2014,28471.6
Курганская область,2015,34780.5
Курганская область,2016,38094.0
Курганская область,2017,38576.7
Курганская область,2018,39511.4
Курганская область,2019,46268.9
Курганская область,2020,45091.9
Курганская область,2021,50923.2
Курганская область,2022,71617.9
Курганская область,2023,50398.7
Курганская область,2024,59405.0
Курская область,1991,4.1
Курская область,1992,54.4
Курская область,1993,360.1
Курская область,1994,1047.8
Курская область,1995,2900.1
Курская область,1996,4340.2
Курская область,1997,4388.8
Курская область,1998,4931.5
Курская область,1999,8833.3
Курская область,2000,12479.6
Курская область,2001,14128.4
Курская область,2002,15224.6
Курская область,2003,17406.9
Курская область,2004,19975.4
Курская область,2005,21924.6
Курская область,2006,24158.4
Курская область,2007,30333.9
Курская область,2008,39650.0
Курская область,2009,39786.3
Курская область,2010,39464.9
Курская область,2011,54867.6
Курская область,2012,65944.7
Курская область,2013,74279.3
Курская область,2014,92359.4
Курская область,2015,113841.2
Курская область,2016,124356.6
Курская область,2017,130890.9
Курская область,2018,146703.3
Курская область,2019,158870.4
Курская область,2020,193341.6
Курская область,2021,217405.0
Курская область,2022,237778.2
Курская область,2023,239990.4
Курская область,2024,237668.1
Ленинградская область,1991,5.0
Ленинградская область,1992,51.6
Ленинградская область,1993,453.9
Ленинградская область,1994,1531.3
Ленинградская область,1995,3629.5
Ленинградская область,1996,5142.4
Ленинградская область,1997,5184.4
Ленинградская область,1998,5438.5
Ленинградская область,1999,12115.7
Ленинградская область,2000,13749.0
Ленинградская область,2001,17022.2
Ленинградская область,2002,20895.5
Ленинградская область,2003,20801.9
Ленинградская область,2004,23203.0
Ленинградская область,2005,25751.8
Ленинградская область,2006,27098.2
Ленинградская область,2007,29345.5
Ленинградская область,2008,38607.2
Ленинградская область,2009,41232.6
Ленинградская область,2010,47208.3
Ленинградская область,2011,53003.8
Ленинградская область,2012,58010.5
Ленинградская область,2013,64840.7
Ленинградская область,2014,78566.1
Ленинградская область,2015,88610.1
Ленинградская область,2016,82901.7
Ленинградская область,2017,82678.5
Ленинградская область,2018,91717.5
Ленинградская область,2019,94466.3
Ленинградская область,2020,97119.9
Ленинградская область,2021,109235.2
Ленинградская область,2022,119510.6
Ленинградская область,2023,130491.1
Ленинградская область,2024,152541.4
Липецкая область,1991,3.0
Липецкая область,1992,28.5
Липецкая область,1993,302.2
Липецкая область,1994,961.4
Липецкая область,1995,2584.4
Липецкая область,1996,3547.2
Липецкая область,1997,3946.6
Липецкая область,1998,4140.9
Липецкая область,1999,7852.9
Липецкая область,2000,10015.2
Липецкая область,2001,12025.0
Липецкая область,2002,12846.9
Липецкая область,2003,15198.4
Липецкая область,2004,17753.6
Липецкая область,2005,20091.6
Липецкая область,2006,24366.6
Липецкая область,2007,30891.7
Липецкая область,2008,38885.5
Липецкая область,2009,36932.0
Липецкая область,2010,34774.5
Липецкая область,2011,46508.0
Липецкая область,2012,53945.8
Липецкая область,2013,62771.8
Липецкая область,2014,78312.1
Липецкая область,2015,98051.2
Липецкая область,2016,106325.6
Липецкая область,2017,101595.7
Липецкая область,2018,119304.0
Липецкая область,2019,134785.8
Липецкая область,2020,163682.6
Липецкая область,2021,180340.1
Липецкая область,2022,197126.3
Липецкая область,2023,199095.5
Липецкая область,2024,216491.9
Магаданская область,1991,0.8
Магаданская область,1992,7.0
Магаданская область,1993,63.1
Магаданская область,1994,139.6
Магаданская область,1995,190.4
Магаданская область,1996,323.6
Магаданская область,1997,236.2
Магаданская область,1998,203.0
Магаданская область,1999,303.3
Магаданская область,2000,404.8
Магаданская область,2001,458.8
Магаданская область,2002,644.3
Магаданская область,2003,812.0
Магаданская область,2004,722.2
Магаданская область,2005,713.5
Магаданская область,2006,849.4
Магаданская область,2007,965.6
Магаданская область,2008,1240.0
Магаданская область,2009,1460.8
Магаданская область,2010,1484.8
Магаданская область,2011,1518.2
Магаданская область,2012,1694.4
Магаданская область,2013,1414.9
Магаданская область,2014,1700.3
Магаданская область,2015,1981.2
Магаданская область,2016,2259.3
Магаданская область,2017,2520.5
Магаданская область,2018,2723.0
Магаданская область,2019,2786.4
Магаданская область,2020,2797.0
Магаданская область,2021,2257.7
Магаданская область,2022,3005.0
Магаданская область,2023,3142.7
Магаданская область,2024,2458.6
Московская область,1991,8.6
Московская область,1992,81.6
Московская область,1993,666.9
Московская область,1994,2185.7
Московская область,1995,6333.7
Московская область,1996,9663.5
Московская область,1997,9163.2
Московская область,1998,9622.5
Московская область,1999,19646.6
Московская область,2000,23737.3
Московская область,2001,25395.4
Московская область,2002,29488.4
Московская область,2003,32978.2
Московская область,2004,35351.7
Московская область,2005,42350.2
Московская область,2006,45191.2
Московская область,2007,52317.6
Московская область,2008,60950.6
Московская область,2009,66585.4
Московская область,2010,72869.8
Московская область,2011,96240.4
Московская область,2012,79735.0
Московская область,2013,74610.9
Московская область,2014,84737.5
Московская область,2015,96825.6
Московская область,2016,98363.8
Московская область,2017,87545.5
Московская область,2018,108423.2
Московская область,2019,118481.6
Московская область,2020,113661.9
Московская область,2021,143536.7
Московская область,2022,160736.4
Московская область,2023,157965.4
Московская область,2024,187835.8
Мурманская область,1991,0.7
Мурманская область,1992,5.3
Мурманская область,1993,51.1
Мурманская область,1994,189.6
Мурманская область,1995,380.9
Мурманская область,1996,482.0
Мурманская область,1997,512.1
Мурманская область,1998,528.2
Мурманская область,1999,910.8
Мурманская область,2000,1078.5
Мурманская область,2001,1331.6
Мурманская область,2002,1282.4
Мурманская область,2003,1193.0
Мурманская область,2004,1278.1
Мурманская область,2005,1440.7
Мурманская область,2006,1724.4
Мурманская область,2007,1969.9
Мурманская область,2008,2448.5
Мурманская область,2009,2532.4
Мурманская область,2010,2731.3
Мурманская область,2011,2947.6
Мурманская область,2012,3429.8
Мурманская область,2013,2734.8
Мурманская область,2014,2304.0
Мурманская область,2015,1920.8
Мурманская область,2016,1551.5
Мурманская область,2017,1675.0
Мурманская область,2018,1822.7
Мурманская область,2019,1736.0
Мурманская область,2020,1702.3
Мурманская область,2021,2117.8
Мурманская область,2022,2208.8
Мурманская область,2023,2669.8
Мурманская область,2024,2617.5
Ненецкий автономный округ,1995,32.0
Ненецкий автономный округ,1996,67.4
Ненецкий автономный округ,1997,65.1
Ненецкий автономный округ,1998,71.0
Ненецкий автономный округ,1999,111.6
Ненецкий автономный округ,2000,161.4
Ненецкий автономный округ,2001,209.2
Ненецкий автономный округ,2002,238.0
Ненецкий автономный округ,2003,265.3
Ненецкий автономный округ,2004,307.7
Ненецкий автономный округ,2005,282.3
Ненецкий автономный округ,2006,441.5
Ненецкий автономный округ,2007,419.1
Ненецкий автономный округ,2008,546.5
Ненецкий автономный округ,2009,549.5
Ненецкий автономный округ,2010,577.8
Ненецкий автономный округ,2011,663.4
Ненецкий автономный округ,2012,748.5
Ненецкий автономный округ,2013,645.7
Ненецкий автономный округ,2014,717.9
Ненецкий автономный округ,2015,1023.8
Ненецкий автономный округ,2016,850.8
Ненецкий автономный округ,2017,664.7
Ненецкий автономный округ,2018,830.3
Ненецкий автономный округ,2019,935.6
Ненецкий автономный округ,2020,775.5
Ненецкий автономный округ,2021,1276.0
Ненецкий автономный округ,2022,1486.7
Ненецкий автономный округ,2023,1342.1
Ненецкий автономный округ,2024,1442.6
Нижегородская область,1991,5.8
Нижегородская область,1992,55.0
Нижегородская область,1993,400.7
Нижегородская область,1994,1539.7
Нижегородская область,1995,3918.7
Нижегородская область,1996,5190.1
Нижегородская область,1997,5642.7
Нижегородская область,1998,5732.2
Нижегородская область,1999,12318.2
Нижегородская область,2000,14556.0
Нижегородская область,2001,17600.4
Нижегородская область,2002,18083.0
Нижегородская область,2003,19847.9
Нижегородская область,2004,22563.1
Нижегородская область,2005,26547.8
Нижегородская область,2006,29038.4
Нижегородская область,2007,32110.5
Нижегородская область,2008,41914.1
Нижегородская область,2009,38084.0
Нижегородская область,2010,36242.4
Нижегородская область,2011,46591.1
Нижегородская область,2012,44312.1
Нижегородская область,2013,50224.1
Нижегородская область,2014,62019.3
Нижегородская область,2015,67202.7
Нижегородская область,2016,67368.2
Нижегородская область,2017,69004.0
Нижегородская область,2018,67559.5
Нижегородская область,2019,77522.4
Нижегородская область,2020,84017.0
Нижегородская область,2021,99795.1
Нижегородская область,2022,120007.1
Нижегородская область,2023,126128.9
Нижегородская область,2024,141030.4
Новгородская область,1991,1.6
Новгородская область,1992,12.0
Новгородская область,1993,103.9
Новгородская область,1994,372.0
Новгородская область,1995,1225.2
Новгородская область,1996,1679.0
Новгородская область,1997,1520.9
Новгородская область,1998,1618.3
Новгородская область,1999,2963.6
Новгородская область,2000,3863.8
Новгородская область,2001,4691.9
Новгородская область,2002,5003.1
Новгородская область,2003,5331.7
Новгородская область,2004,5467.1
Новгородская область,2005,6034.8
Новгородская область,2006,6195.8
Новгородская область,2007,6475.7
Новгородская область,2008,8057.7
Новгородская область,2009,9024.0
Новгородская область,2010,13931.2
Новгородская область,2011,16481.7
Новгородская область,2012,16137.2
Новгородская область,2013,14809.6
Новгородская область,2014,18837.1
Новгородская область,2015,24987.0
Новгородская область,2016,27067.7
Новгородская область,2017,24725.4
Новгородская область,2018,25982.4
Новгородская область,2019,28626.6
Новгородская область,2020,25700.1
Новгородская область,2021,29309.2
Новгородская область,2022,32091.2
Новгородская область,2023,35675.0
Новгородская область,2024,40374.8
Новосибирская область,1991,5.4
Новосибирская область,1992,50.1
Новосибирская область,1993,531.1
Новосибирская область,1994,1737.2
Новосибирская область,1995,5017.0
Новосибирская область,1996,6515.4
Новосибирская область,1997,6890.3
Новосибирская область,1998,6750.2
Новосибирская область,1999,14027.0
Новосибирская область,2000,19663.6
Новосибирская область,2001,23338.0
Новосибирская область,2002,22876.3
Новосибирская область,2003,25198.2
Новосибирская область,2004,26569.7
Новосибирская область,2005,27027.4
Новосибирская область,2006,29596.2
Новосибирская область,2007,33995.4
Новосибирская область,2008,43121.8
Новосибирская область,2009,46560.1
Новосибирская область,2010,47694.5
Новосибирская область,2011,55335.7
Новосибирская область,2012,50352.4
Новосибирская область,2013,59469.8
Новосибирская область,2014,63759.1
Новосибирская область,2015,75228.6
Новосибирская область,2016,78482.8
Новосибирская область,2017,81100.6
Новосибирская область,2018,80192.5
Новосибирская область,2019,92988.2
Новосибирская область,2020,106302.1
Новосибирская область,2021,148713.3
Новосибирская область,2022,155360.4
Новосибирская область,2023,131402.2
Новосибирская область,2024,154321.2
Омская область,1991,4.4
Омская область,1992,56.4
Омская область,1993,484.0
Омская область,1994,1690.8
Омская область,1995,5159.2
Омская область,1996,6857.3
Омская область,1997,6985.3
Омская область,1998,6664.7
Омская область,1999,11234.5
Омская область,2000,15461.7
Омская область,2001,23051.4
Омская область,2002,21487.4
Омская область,2003,25277.0
Омская область,2004,31167.9
Омская область,2005,32861.1
Омская область,2006,37783.4
Омская область,2007,44701.5
Омская область,2008,52795.8
Омская область,2009,55822.2
Омская область,2010,52962.5
Омская область,2011,62820.5
Омская область,2012,52063.4
Омская область,2013,71117.2
Омская область,2014,77548.3
Омская область,2015,89527.3
Омская область,2016,88002.2
Омская область,2017,90419.0
Омская область,2018,94097.1
Омская область,2019,98011.8
Омская область,2020,101067.0
Омская область,2021,126083.9
Омская область,2022,127816.1
Омская область,2023,116230.6
Омская область,2024,141176.3
Оренбургская область,1991,6.0
Оренбургская область,1992,74.0
Оренбургская область,1993,476.2
Оренбургская область,1994,1458.7
Оренбургская область,1995,2888.1
Оренбургская область,1996,5447.3
Оренбургская область,1997,6637.1
Оренбургская область,1998,4310.9
Оренбургская область,1999,13583.5
Оренбургская область,2000,19368.5
Оренбургская область,2001,22414.1
Оренбургская область,2002,20949.5
Оренбургская область,2003,24227.8
Оренбургская область,2004,28228.5
Оренбургская область,2005,29418.9
Оренбургская область,2006,34053.8
Оренбургская область,2007,44921.2
Оренбургская область,2008,62919.8
Оренбургская область,2009,55288.3
Оренбургская область,2010,47707.8
Оренбургская область,2011,69144.2
Оренбургская область,2012,68019.0
Оренбургская область,2013,77641.4
Оренбургская область,2014,83840.4
Оренбургская область,2015,99108.4
Оренбургская область,2016,110727.0
Оренбургская область,2017,113038.2
Оренбургская область,2018,107971.1
Оренбургская область,2019,113015.9
Оренбургская область,2020,141647.4
Оренбургская область,2021,144334.0
Оренбургская область,2022,191733.6
Оренбургская область,2023,178318.0
Оренбургская область,2024,225344.7
Орловская область,1991,2.7
Орловская область,1992,34.2
Орловская область,1993,304.9
Орловская область,1994,817.8
Орловская область,1995,2091.2
Орловская область,1996,2814.1
Орловская область,1997,2982.6
Орловская область,1998,2991.6
Орловская область,1999,6918.3
Орловская область,2000,9018.9
Орловская область,2001,10605.4
Орловская область,2002,11202.3
Орловская область,2003,12023.9
Орловская область,2004,14066.5
Орловская область,2005,14729.7
Орловская область,2006,14690.6
Орловская область,2007,19167.6
Орловская область,2008,24662.4
Орловская область,2009,24262.2
Орловская область,2010,26543.6
Орловская область,2011,35191.9
Орловская область,2012,38034.0
Орловская область,2013,41381.9
Орловская область,2014,50564.5
Орловская область,2015,61977.8
Орловская область,2016,68598.2
Орловская область,2017,60456.3
Орловская область,2018,72247.1
Орловская область,2019,82455.2
Орловская область,2020,105738.9
Орловская область,2021,131545.5
Орловская область,2022,134038.7
Орловская область,2023,138729.2
Орловская область,2024,153078.6
Пензенская область,1991,3.7
Пензенская область,1992,39.4
Пензенская область,1993,281.8
Пензенская область,1994,967.7
Пензенская область,1995,2483.4
Пензенская область,1996,3496.8
Пензенская область,1997,3647.8
Пензенская область,1998,3069.9
Пензенская область,1999,7054.1
Пензенская область,2000,7642.3
Пензенская область,2001,10032.3
Пензенская область,2002,11546.1
Пензенская область,2003,11493.7
Пензенская область,2004,14331.4
Пензенская область,2005,15715.7
Пензенская область,2006,17876.6
Пензенская область,2007,21300.7
Пензенская область,2008,28310.4
Пензенская область,2009,30178.1
Пензенская область,2010,27017.8
Пензенская область,2011,37867.1
Пензенская область,2012,42703.6
Пензенская область,2013,46384.9
Пензенская область,2014,56754.0
Пензенская область,2015,74486.4
Пензенская область,2016,83618.9
Пензенская область,2017,73919.4
Пензенская область,2018,82454.4
Пензенская область,2019,100122.5
Пензенская область,2020,129079.6
Пензенская область,2021,151135.5
Пензенская область,2022,166060.0
Пензенская область,2023,162387.0
Пензенская область,2024,183851.0
Пермский край,1991,4.4
Пермский край,1992,36.1
Пермский край,1993,460.1
Пермский край,1994,1566.5
Пермский край,1995,3985.2
Пермский край,1996,5380.3
Пермский край,1997,5711.8
Пермский край,1998,5536.2
Пермский край,1999,12274.5
Пермский край,2000,14006.2
Пермский край,2001,16902.2
Пермский край,2002,15989.2
Пермский край,2003,16137.1
Пермский край,2004,17600.7
Пермский край,2005,18126.9
Пермский край,2006,19010.0
Пермский край,2007,19696.8
Пермский край,2008,25932.9
Пермский край,2009,25923.7
Пермский край,2010,28053.6
Пермский край,2011,37009.0
Пермский край,2012,33039.3
Пермский край,2013,33732.8
Пермский край,2014,37287.6
Пермский край,2015,40628.3
Пермский край,2016,40048.6
Пермский край,2017,41560.3
Пермский край,2018,44192.7
Пермский край,2019,43237.1
Пермский край,2020,49880.8
Пермский край,2021,55856.0
Пермский край,2022,66308.8
Пермский край,2023,62684.9
Пермский край,2024,72897.1
Приморский край,1991,3.3
Приморский край,1992,28.8
Приморский край,1993,300.2
Приморский край,1994,818.3
Приморский край,1995,1881.8
Приморский край,1996,2475.7
Приморский край,1997,2278.4
Приморский край,1998,2698.2
Приморский край,1999,3761.4
Приморский край,2000,5034.6
Приморский край,2001,6257.3
Приморский край,2002,6217.9
Приморский край,2003,7210.1
Приморский край,2004,8347.1
Приморский край,2005,9476.2
Приморский край,2006,11923.1
Приморский край,2007,12070.8
Приморский край,2008,15368.3
Приморский край,2009,19183.0
Приморский край,2010,20546.9
Приморский край,2011,24834.4
Приморский край,2012,26091.7
Приморский край,2013,26690.9
Приморский край,2014,34696.9
Приморский край,2015,37482.2
Приморский край,2016,39389.8
Приморский край,2017,42393.1
Приморский край,2018,39963.2
Приморский край,2019,38140.2
Приморский край,2020,44560.3
Приморский край,2021,62644.3
Приморский край,2022,69552.0
Приморский край,2023,67909.2
Приморский край,2024,72106.5
Псковская область,1991,2.2
Псковская область,1992,18.9
Псковская область,1993,181.4
Псковская область,1994,575.0
Псковская область,1995,1763.9
Псковская область,1996,2077.6
Псковская область,1997,2246.6
Псковская область,1998,2000.5
Псковская область,1999,4159.8
Псковская область,2000,4822.4
Псковская область,2001,5363.5
Псковская область,2002,5306.9
Псковская область,2003,5689.1
Псковская область,2004,6968.2
Псковская область,2005,7170.8
Псковская область,2006,7280.2
Псковская область,2007,7405.4
Псковская область,2008,8881.5
Псковская область,2009,9122.3
Псковская область,2010,10336.3
Псковская область,2011,11528.4
Псковская область,2012,12220.1
Псковская область,2013,13568.5
Псковская область,2014,20301.7
Псковская область,2015,24859.6
Псковская область,2016,28663.2
Псковская область,2017,31477.7
Псковская область,2018,36928.9
Псковская область,2019,42443.0
Псковская область,2020,49386.2
Псковская область,2021,55018.3
Псковская область,2022,56386.4
Псковская область,2023,58372.3
Псковская область,2024,77349.8
Республика Адыгея,1991,0.8
Республика Адыгея,1992,7.7
Республика Адыгея,1993,67.2
Республика Адыгея,1994,190.6
Республика Адыгея,1995,748.8
Республика Адыгея,1996,1175.2
Республика Адыгея,1997,973.7
Республика Адыгея,1998,1229.5
Республика Адыгея,1999,1944.1
Республика Адыгея,2000,2155.8
Республика Адыгея,2001,2495.7
Республика Адыгея,2002,2298.4
Республика Адыгея,2003,2376.5
Республика Адыгея,2004,3336.2
Республика Адыгея,2005,4227.7
Республика Адыгея,2006,4704.1
Республика Адыгея,2007,7851.5
Республика Адыгея,2008,9376.7
Республика Адыгея,2009,10475.1
Республика Адыгея,2010,11177.4
Республика Адыгея,2011,11828.7
Республика Адыгея,2012,13363.1
Республика Адыгея,2013,14080.5
Республика Адыгея,2014,15262.0
Республика Адыгея,2015,19534.1
Республика Адыгея,2016,19821.7
Республика Адыгея,2017,21599.0
Республика Адыгея,2018,21899.0
Республика Адыгея,2019,25290.6
Республика Адыгея,2020,31814.1
Республика Адыгея,2021,34236.5
Республика Адыгея,2022,33900.1
Республика Адыгея,2023,35465.2
Республика Адыгея,2024,41720.0
Республика Алтай,1991,0.6
Республика Алтай,1992,5.2
Республика Алтай,1993,65.5
Республика Алтай,1994,188.6
Республика Алтай,1995,464.1
Республика Алтай,1996,622.1
Республика Алтай,1997,678.6
Республика Алтай,1998,752.5
Республика Алтай,1999,1165.3
Республика Алтай,2000,1435.5
Республика Алтай,2001,1835.9
Республика Алтай,2002,2327.4
Республика Алтай,2003,2697.0
Республика Алтай,2004,2870.6
Республика Алтай,2005,3057.3
Республика Алтай,2006,3632.0
Республика Алтай,2007,4485.0
Республика Алтай,2008,4831.1
Республика Алтай,2009,5192.2
Республика Алтай,2010,6080.4
Республика Алтай,2011,7580.7
Республика Алтай,2012,8601.7
Республика Алтай,2013,8007.9
Республика Алтай,2014,8674.8
Республика Алтай,2015,9521.9
Республика Алтай,2016,11087.7
Республика Алтай,2017,10932.7
Республика Алтай,2018,11699.8
Республика Алтай,2019,10645.7
Республика Алтай,2020,11930.2
Республика Алтай,2021,13128.6
Республика Алтай,2022,12624.0
Республика Алтай,2023,13474.2
Республика Алтай,2024,14837.1
Республика Башкортостан,1991,7.9
Республика Башкортостан,1992,82.9
Республика Башкортостан,1993,694.4
Республика Башкортостан,1994,2646.1
Республика Башкортостан,1995,7488.9
Республика Башкортостан,1996,12083.7
Республика Башкортостан,1997,12933.2
Республика Башкортостан,1998,10628.8
Республика Башкортостан,1999,22899.8
Республика Башкортостан,2000,27552.1
Республика Башкортостан,2001,35847.8
Республика Башкортостан,2002,42880.7
Республика Башкортостан,2003,49105.6
Республика Башкортостан,2004,55276.1
Республика Башкортостан,2005,60351.2
Республика Башкортостан,2006,70904.4
Республика Башкортостан,2007,80480.7
Республика Башкортостан,2008,102814.3
Республика Башкортостан,2009,100724.5
Республика Башкортостан,2010,86171.7
Республика Башкортостан,2011,107122.3
Республика Башкортостан,2012,102932.4
Республика Башкортостан,2013,119796.6
Республика Башкортостан,2014,128186.1
Республика Башкортостан,2015,149964.5
Республика Башкортостан,2016,158708.8
Республика Башкортостан,2017,157270.1
Республика Башкортостан,2018,157486.1
Республика Башкортостан,2019,169682.7
Республика Башкортостан,2020,191805.4
Республика Башкортостан,2021,193312.5
Республика Башкортостан,2022,258308.2
Республика Башкортостан,2023,227499.7
Республика Башкортостан,2024,265018.9
Республика Бурятия,1991,1.9
Республика Бурятия,1992,15.4
Республика Бурятия,1993,161.5
Республика Бурятия,1994,553.6
Республика Бурятия,1995,1344.5
Республика Бурятия,1996,2644.2
Республика Бурятия,1997,2601.4
Республика Бурятия,1998,2544.8
Республика Бурятия,1999,3691.5
Республика Бурятия,2000,4481.7
Республика Бурятия,2001,5164.2
Республика Бурятия,2002,5638.1
Республика Бурятия,2003,6344.7
Республика Бурятия,2004,7471.4
Республика Бурятия,2005,8036.6
Республика Бурятия,2006,8993.5
Республика Бурятия,2007,9313.8
Республика Бурятия,2008,10187.8
Республика Бурятия,2009,10184.5
Республика Бурятия,2010,10219.2
Республика Бурятия,2011,12458.2
Республика Бурятия,2012,12672.2
Республика Бурятия,2013,13261.4
Республика Бурятия,2014,15527.9
Республика Бурятия,2015,16034.1
Республика Бурятия,2016,15598.6
Республика Бурятия,2017,15012.5
Республика Бурятия,2018,16213.5
Республика Бурятия,2019,16492.7
Республика Бурятия,2020,17054.4
Республика Бурятия,2021,19188.6
Республика Бурятия,2022,20674.0
Республика Бурятия,2023,23561.9
Республика Бурятия,2024,24606.1
Республика Дагестан,1991,3.2
Республика Дагестан,1992,23.2
Республика Дагестан,1993,204.4
Республика Дагестан,1994,599.9
Республика Дагестан,1995,1529.3
Республика Дагестан,1996,2331.4
Республика Дагестан,1997,2170.7
Республика Дагестан,1998,2550.5
Республика Дагестан,1999,5092.6
Республика Дагестан,2000,8171.3
Республика Дагестан,2001,12123.4
Республика Дагестан,2002,13897.6
Республика Дагестан,2003,18968.0
Республика Дагестан,2004,21631.8
Республика Дагестан,2005,25196.9
Республика Дагестан,2006,28163.6
Республика Дагестан,2007,32273.4
Республика Дагестан,2008,38751.5
Республика Дагестан,2009,43800.1
Республика Дагестан,2010,47409.7
Республика Дагестан,2011,55338.5
Республика Дагестан,2012,63149.8
Республика Дагестан,2013,71892.4
Республика Дагестан,2014,83390.9
Республика Дагестан,2015,94477.9
Республика Дагестан,2016,108472.7
Республика Дагестан,2017,118960.3
Республика Дагестан,2018,124371.3
Республика Дагестан,2019,133315.6
Республика Дагестан,2020,154908.7
Республика Дагестан,2021,166092.4
Республика Дагестан,2022,188327.7
Республика Дагестан,2023,222929.6
Республика Дагестан,2024,253464.2
Республика Ингушетия,1994,69.0
Республика Ингушетия,1995,134.1
Республика Ингушетия,1996,157.2
Республика Ингушетия,1997,306.9
Республика Ингушетия,1998,370.6
Республика Ингушетия,1999,622.2
Республика Ингушетия,2000,813.5
Республика Ингушетия,2001,1142.0
Республика Ингушетия,2002,1334.2
Республика Ингушетия,2003,1646.9
Республика Ингушетия,2004,1860.8
Республика Ингушетия,2005,1957.6
Республика Ингушетия,2006,2156.6
Республика Ингушетия,2007,2372.1
Республика Ингушетия,2008,2960.8
Республика Ингушетия,2009,2926.3
Республика Ингушетия,2010,3230.7
Республика Ингушетия,2011,4570.2
Республика Ингушетия,2012,3883.7
Республика Ингушетия,2013,4614.1
Республика Ингушетия,2014,5421.3
Республика Ингушетия,2015,6885.1
Республика Ингушетия,2016,8518.3
Республика Ингушетия,2017,9031.3
Республика Ингушетия,2018,10392.2
Республика Ингушетия,2019,10771.2
Республика Ингушетия,2020,11632.8
Республика Ингушетия,2021,15547.1
Республика Ингушетия,2022,20147.0
Республика Ингушетия,2023,22147.6
Республика Ингушетия,2024,23196.7
Республика Калмыкия,1991,2.0
Республика Калмыкия,1992,13.2
Республика Калмыкия,1993,99.4
Республика Калмыкия,1994,175.3
Республика Калмыкия,1995,462.3
Республика Калмыкия,1996,637.7
Республика Калмыкия,1997,719.0
Республика Калмыкия,1998,464.9
Республика Калмыкия,1999,786.3
Республика Калмыкия,2000,1289.4
Республика Калмыкия,2001,1948.2
Республика Калмыкия,2002,2188.2
Республика Калмыкия,2003,2300.4
Республика Калмыкия,2004,3931.9
Республика Калмыкия,2005,4445.2
Республика Калмыкия,2006,6310.9
Республика Калмыкия,2007,8056.8
Республика Калмыкия,2008,9545.6
Республика Калмыкия,2009,10274.2
Республика Калмыкия,2010,11171.7
Республика Калмыкия,2011,14313.9
Республика Калмыкия,2012,17486.1
Республика Калмыкия,2013,19877.9
Республика Калмыкия,2014,21479.0
Республика Калмыкия,2015,22714.3
Республика Калмыкия,2016,26735.7
Республика Калмыкия,2017,27083.7
Республика Калмыкия,2018,26558.4
Республика Калмыкия,2019,27870.9
Республика Калмыкия,2020,27692.9
Республика Калмыкия,2021,27221.9
Республика Калмыкия,2022,26862.7
Республика Калмыкия,2023,29140.1
Республика Калмыкия,2024,29274.7
Республика Карелия,1991,1.2
Республика Карелия,1992,8.8
Республика Карелия,1993,83.2
Республика Карелия,1994,366.9
Республика Карелия,1995,740.9
Республика Карелия,1996,914.5
Республика Карелия,1997,879.1
Республика Карелия,1998,886.2
Республика Карелия,1999,1369.7
Республика Карелия,2000,1527.1
Республика Карелия,2001,1883.5
Республика Карелия,2002,2129.7
Республика Карелия,2003,2369.2
Республика Карелия,2004,2427.8
Республика Карелия,2005,2683.4
Республика Карелия,2006,2824.7
Республика Карелия,2007,3068.0
Республика Карелия,2008,3554.5
Республика Карелия,2009,3634.0
Республика Карелия,2010,3979.9
Республика Карелия,2011,4305.5
Республика Карелия,2012,3897.6
Республика Карелия,2013,4283.7
Республика Карелия,2014,4617.4
Республика Карелия,2015,5073.1
Республика Карелия,2016,4484.0
Республика Карелия,2017,4153.4
Республика Карелия,2018,4497.5
Республика Карелия,2019,4462.8
Республика Карелия,2020,5204.7
Республика Карелия,2021,5449.6
Республика Карелия,2022,6392.2
Республика Карелия,2023,6491.7
Республика Карелия,2024,6944.5
Республика Коми,1991,1.1
Республика Коми,1992,12.7
Республика Коми,1993,97.6
Республика Коми,1994,327.8
Республика Коми,1995,951.2
Республика Коми,1996,1408.9
Республика Коми,1997,1361.9
Республика Коми,1998,1359.0
Республика Коми,1999,1986.0
Республика Коми,2000,2556.1
Республика Коми,2001,2977.0
Республика Коми,2002,3248.7
Республика Коми,2003,3641.0
Республика Коми,2004,3791.6
Республика Коми,2005,3973.1
Республика Коми,2006,4402.0
Республика Коми,2007,4400.6
Республика Коми,2008,5542.1
Республика Коми,2009,6007.9
Республика Коми,2010,7046.3
Республика Коми,2011,8246.1
Республика Коми,2012,8489.5
Республика Коми,2013,8621.5
Республика Коми,2014,9235.4
Республика Коми,2015,10395.2
Республика Коми,2016,10613.2
Республика Коми,2017,9922.6
Республика Коми,2018,10156.4
Республика Коми,2019,10783.2
Республика Коми,2020,12134.0
Республика Коми,2021,12906.0
Республика Коми,2022,14374.8
Республика Коми,2023,12873.0
Республика Коми,2024,17584.2
Республика Крым,2014,35585.7
Республика Крым,2015,50111.4
Республика Крым,2016,52880.1
Республика Крым,2017,47289.6
Республика Крым,2018,43840.5
Республика Крым,2019,55006.8
Республика Крым,2020,52443.9
Республика Крым,2021,73053.2
Республика Крым,2022,82378.0
Республика Крым,2023,81707.6
Республика Крым,2024,80537.6
Республика Марий Эл,1991,2.0
Республика Марий Эл,1992,14.9
Республика Марий Эл,1993,151.4
Республика Марий Эл,1994,487.0
Республика Марий Эл,1995,1631.6
Республика Марий Эл,1996,1808.4
Республика Марий Эл,1997,2276.5
Республика Марий Эл,1998,2476.7
Республика Марий Эл,1999,4673.7
Республика Марий Эл,2000,5021.2
Республика Марий Эл,2001,6210.7
Республика Марий Эл,2002,6074.0
Республика Марий Эл,2003,7171.2
Республика Марий Эл,2004,8306.2
Республика Марий Эл,2005,10141.7
Республика Марий Эл,2006,11145.6
Республика Марий Эл,2007,12120.4
Республика Марий Эл,2008,14797.4
Республика Марий Эл,2009,15994.0
Республика Марий Эл,2010,15588.4
Республика Марий Эл,2011,20002.4
Республика Марий Эл,2012,22843.5
Республика Марий Эл,2013,27183.4
Республика Марий Эл,2014,35069.0
Республика Марий Эл,2015,43315.4
Республика Марий Эл,2016,39217.4
Республика Марий Эл,2017,38912.7
Республика Марий Эл,2018,43261.9
Республика Марий Эл,2019,49082.6
Республика Марий Эл,2020,44309.4
Республика Марий Эл,2021,49739.8
Республика Марий Эл,2022,58147.4
Республика Марий Эл,2023,57877.4
Республика Марий Эл,2024,62891.5
Республика Мордовия,1991,2.7
Республика Мордовия,1992,23.4
Республика Мордовия,1993,155.7
Республика Мордовия,1994,608.8
Республика Мордовия,1995,1727.3
Республика Мордовия,1996,2998.5
Республика Мордовия,1997,3083.1
Республика Мордовия,1998,3583.4
Республика Мордовия,1999,6022.6
Республика Мордовия,2000,8618.3
Республика Мордовия,2001,10072.0
Республика Мордовия,2002,11343.7
Республика Мордовия,2003,11906.9
Республика Мордовия,2004,12702.2
Республика Мордовия,2005,16055.7
Республика Мордовия,2006,18471.2
Республика Мордовия,2007,22125.7
Республика Мордовия,2008,28706.8
Республика Мордовия,2009,31123.0
Республика Мордовия,2010,25880.8
Республика Мордовия,2011,37863.2
Республика Мордовия,2012,39299.0
Республика Мордовия,2013,40285.6
Республика Мордовия,2014,46301.0
Республика Мордовия,2015,53540.1
Республика Мордовия,2016,58873.1
Республика Мордовия,2017,59702.5
Республика Мордовия,2018,63662.2
Республика Мордовия,2019,71958.9
Республика Мордовия,2020,77613.2
Республика Мордовия,2021,91700.0
Республика Мордовия,2022,109306.9
Республика Мордовия,2023,117786.6
Республика Мордовия,2024,123357.8
Республика Саха (Якутия),1991,1.8
Республика Саха (Якутия),1992,26.8
Республика Саха (Якутия),1993,301.7
Республика Саха (Якутия),1994,777.0
Республика Саха (Якутия),1995,1664.1
Республика Саха (Якутия),1996,2514.9
Республика Саха (Якутия),1997,2249.7
Республика Саха (Якутия),1998,2176.3
Республика Саха (Якутия),1999,4320.3
Республика Саха (Якутия),2000,5441.1
Республика Саха (Якутия),2001,7209.2
Республика Саха (Якутия),2002,8140.2
Республика Саха (Якутия),2003,9103.1
Республика Саха (Якутия),2004,10755.4
Республика Саха (Якутия),2005,12200.3
Республика Саха (Якутия),2006,13143.5
Республика Саха (Якутия),2007,13444.9
Республика Саха (Якутия),2008,15024.7
Республика Саха (Якутия),2009,15899.5
Республика Саха (Якутия),2010,17064.1
Республика Саха (Якутия),2011,17464.9
Республика Саха (Якутия),2012,18226.5
Республика Саха (Якутия),2013,19443.4
Республика Саха (Якутия),2014,20255.0
Республика Саха (Якутия),2015,20722.7
Республика Саха (Якутия),2016,21930.0
Республика Саха (Якутия),2017,24972.3
Республика Саха (Якутия),2018,25781.1
Республика Саха (Якутия),2019,26120.9
Республика Саха (Якутия),2020,26512.4
Республика Саха (Якутия),2021,28019.5
Республика Саха (Якутия),2022,31101.0
Республика Саха (Якутия),2023,33823.6
Республика Саха (Якутия),2024,36735.9
Республика Северная Осетия - Алания,1991,1.0
Республика Северная Осетия - Алания,1992,20.4
Республика Северная Осетия - Алания,1993,87.9
Республика Северная Осетия - Алания,1994,208.6
Республика Северная Осетия - Алания,1995,649.4
Республика Северная Осетия - Алания,1996,840.2
Республика Северная Осетия - Алания,1997,914.3
Республика Северная Осетия - Алания,1998,1108.9
Республика Северная Осетия - Алания,1999,2137.6
Республика Северная Осетия - Алания,2000,2728.5
Республика Северная Осетия - Алания,2001,3743.4
Республика Северная Осетия - Алания,2002,4466.3
Республика Северная Осетия - Алания,2003,5361.8
Республика Северная Осетия - Алания,2004,7000.9
Республика Северная Осетия - Алания,2005,7639.3
Республика Северная Осетия - Алания,2006,8373.5
Республика Северная Осетия - Алания,2007,9985.5
Республика Северная Осетия - Алания,2008,14427.0
Республика Северная Осетия - Алания,2009,14373.1
Республика Северная Осетия - Алания,2010,16910.5
Республика Северная Осетия - Алания,2011,19997.2
Республика Северная Осетия - Алания,2012,22188.7
Республика Северная Осетия - Алания,2013,24668.4
Республика Северная Осетия - Алания,2014,22831.9
Республика Северная Осетия - Алания,2015,23209.5
Республика Северная Осетия - Алания,2016,22164.9
Республика Северная Осетия - Алания,2017,22291.2
Республика Северная Осетия - Алания,2018,24198.4
Республика Северная Осетия - Алания,2019,31964.3
Республика Северная Осетия - Алания,2020,32202.8
Республика Северная Осетия - Алания,2021,37545.2
Республика Северная Осетия - Алания,2022,43080.8
Республика Северная Осетия - Алания,2023,56707.8
Республика Северная Осетия - Алания,2024,58171.3
Республика Татарстан,1991,7.0
Республика Татарстан,1992,68.6
Республика Татарстан,1993,621.7
Республика Татарстан,1994,2695.0
Республика Татарстан,1995,7940.9
Республика Татарстан,1996,11834.8
Республика Татарстан,1997,12555.6
Республика Татарстан,1998,10757.8
Республика Татарстан,1999,21021.8
Республика Татарстан,2000,30648.9
Республика Татарстан,2001,39384.8
Республика Татарстан,2002,39010.4
Республика Татарстан,2003,44882.1
Республика Татарстан,2004,53660.4
Республика Татарстан,2005,61603.0
Республика Татарстан,2006,71638.6
Республика Татарстан,2007,90724.0
Республика Татарстан,2008,113975.2
Республика Татарстан,2009,112199.8
Республика Татарстан,2010,98043.7
Республика Татарстан,2011,147628.0
Республика Татарстан,2012,147839.9
Республика Татарстан,2013,157706.9
Республика Татарстан,2014,184289.0
Республика Татарстан,2015,211810.1
Республика Татарстан,2016,229812.8
Республика Татарстан,2017,235297.3
Республика Татарстан,2018,226034.2
Республика Татарстан,2019,248781.2
Республика Татарстан,2020,264328.7
Республика Татарстан,2021,245516.5
Республика Татарстан,2022,317517.0
Республика Татарстан,2023,289727.3
Республика Татарстан,2024,350420.5
Республика Тыва,1991,0.5
Республика Тыва,1992,4.9
Республика Тыва,1993,49.6
Республика Тыва,1994,177.1
Республика Тыва,1995,381.6
Республика Тыва,1996,549.7
Республика Тыва,1997,620.0
Республика Тыва,1998,641.5
Республика Тыва,1999,933.3
Республика Тыва,2000,1261.5
Республика Тыва,2001,1555.9
Республика Тыва,2002,1601.5
Республика Тыва,2003,1871.9
Республика Тыва,2004,2071.9
Республика Тыва,2005,2260.8
Республика Тыва,2006,2563.9
Республика Тыва,2007,2876.1
Республика Тыва,2008,3897.9
Республика Тыва,2009,3979.4
Республика Тыва,2010,4183.6
Республика Тыва,2011,4536.1
Республика Тыва,2012,4685.6
Республика Тыва,2013,5185.1
Республика Тыва,2014,5178.8
Республика Тыва,2015,5422.1
Республика Тыва,2016,5594.7
Республика Тыва,2017,5714.0
Республика Тыва,2018,6140.9
Республика Тыва,2019,6387.9
Республика Тыва,2020,8071.0
Республика Тыва,2021,8451.3
Республика Тыва,2022,8624.2
Республика Тыва,2023,9668.8
Республика Тыва,2024,11169.8
Республика Хакасия,1991,1.3
Республика Хакасия,1992,9.1
Республика Хакасия,1993,89.0
Республика Хакасия,1994,486.4
Республика Хакасия,1995,904.8
Республика Хакасия,1996,1295.3
Республика Хакасия,1997,1527.8
Республика Хакасия,1998,1382.7
Республика Хакасия,1999,2258.5
Республика Хакасия,2000,3090.1
Республика Хакасия,2001,3418.3
Республика Хакасия,2002,3305.0
Республика Хакасия,2003,3622.0
Республика Хакасия,2004,3844.6
Республика Хакасия,2005,4008.3
Республика Хакасия,2006,4806.0
Республика Хакасия,2007,5562.9
Республика Хакасия,2008,6049.6
Республика Хакасия,2009,6617.5
Республика Хакасия,2010,7034.0
Республика Хакасия,2011,8747.8
Республика Хакасия,2012,9257.1
Республика Хакасия,2013,10499.0
Республика Хакасия,2014,11381.8
Республика Хакасия,2015,12216.6
Республика Хакасия,2016,13986.4
Республика Хакасия,2017,14870.4
Республика Хакасия,2018,13824.2
Республика Хакасия,2019,13625.6
Республика Хакасия,2020,14238.5
Республика Хакасия,2021,14891.8
Республика Хакасия,2022,18148.5
Республика Хакасия,2023,20386.9
Республика Хакасия,2024,21590.8
Ростовская область,1991,9.0
Ростовская область,1992,107.3
Ростовская область,1993,725.3
Ростовская область,1994,1855.6
Ростовская область,1995,6702.7
Ростовская область,1996,6804.0
Ростовская область,1997,8427.5
Ростовская область,1998,9576.2
Ростовская область,1999,21495.5
Ростовская область,2000,27529.7
Ростовская область,2001,34794.8
Ростовская область,2002,36608.6
Ростовская область,2003,41253.9
Ростовская область,2004,56936.5
Ростовская область,2005,61480.8
Ростовская область,2006,67550.2
Ростовская область,2007,74368.9
Ростовская область,2008,106006.6
Ростовская область,2009,95148.3
Ростовская область,2010,108662.2
Ростовская область,2011,134904.8
Ростовская область,2012,140034.9
Ростовская область,2013,143512.8
Ростовская область,2014,172459.2
Ростовская область,2015,219008.1
Ростовская область,2016,252776.8
Ростовская область,2017,254430.9
Ростовская область,2018,255128.6
Ростовская область,2019,285454.7
Ростовская область,2020,330795.1
Ростовская область,2021,408232.5
Ростовская область,2022,451121.6
Ростовская область,2023,453884.7
Ростовская область,2024,418216.1
Рязанская область,1991,3.8
Рязанская область,1992,28.4
Рязанская область,1993,270.8
Рязанская область,1994,968.1
Рязанская область,1995,2734.1
Рязанская область,1996,3912.8
Рязанская область,1997,4703.2
Рязанская область,1998,4225.4
Рязанская область,1999,7992.6
Рязанская область,2000,9700.6
Рязанская область,2001,10291.2
Рязанская область,2002,10830.6
Рязанская область,2003,10851.7
Рязанская область,2004,12732.2
Рязанская область,2005,14543.2
Рязанская область,2006,16615.4
Рязанская область,2007,18318.4
Рязанская область,2008,25799.1
Рязанская область,2009,26351.3
Рязанская область,2010,25816.7
Рязанская область,2011,30131.7
Рязанская область,2012,35034.7
Рязанская область,2013,37323.5
Рязанская область,2014,44245.1
Рязанская область,2015,52294.8
Рязанская область,2016,50659.0
Рязанская область,2017,51871.5
Рязанская область,2018,56894.6
Рязанская область,2019,65647.0
Рязанская область,2020,86014.2
Рязанская область,2021,99764.8
Рязанская область,2022,113830.8
Рязанская область,2023,110637.2
Рязанская область,2024,131860.1
Самарская область,1991,5.2
Самарская область,1992,54.5
Самарская область,1993,485.1
Самарская область,1994,1705.5
Самарская область,1995,4078.7
Самарская область,1996,5519.2
Самарская область,1997,6835.2
Самарская область,1998,6395.0
Самарская область,1999,13791.5
Самарская область,2000,15744.8
Самарская область,2001,19401.2
Самарская область,2002,19752.9
Самарская область,2003,19818.4
Самарская область,2004,22708.7
Самарская область,2005,23092.6
Самарская область,2006,28112.6
Самарская область,2007,33275.9
Самарская область,2008,42046.6
Самарская область,2009,41709.7
Самарская область,2010,38105.1
Самарская область,2011,48616.0
Самарская область,2012,55611.0
Самарская область,2013,64166.9
Самарская область,2014,71143.6
Самарская область,2015,82193.1
Самарская область,2016,93052.6
Самарская область,2017,89051.7
Самарская область,2018,88976.2
Самарская область,2019,100441.4
Самарская область,2020,124380.4
Самарская область,2021,149349.2
Самарская область,2022,183040.5
Самарская область,2023,159226.9
Самарская область,2024,190400.6
Саратовская область,1991,6.3
Саратовская область,1992,62.7
Саратовская область,1993,569.6
Саратовская область,1994,1914.4
Саратовская область,1995,4460.6
Саратовская область,1996,6726.7
Саратовская область,1997,7993.2
Саратовская область,1998,5524.2
Саратовская область,1999,12549.4
Саратовская область,2000,18545.8
Саратовская область,2001,24148.8
Саратовская область,2002,23603.1
Саратовская область,2003,28749.1
Саратовская область,2004,34012.7
Саратовская область,2005,34920.7
Саратовская область,2006,38650.1
Саратовская область,2007,51951.0
Саратовская область,2008,64031.4
Саратовская область,2009,59053.0
Саратовская область,2010,67085.1
Саратовская область,2011,84395.4
Саратовская область,2012,83337.1
Саратовская область,2013,92417.7
Саратовская область,2014,100620.7
Саратовская область,2015,119768.3
Саратовская область,2016,142009.9
Саратовская область,2017,134973.4
Саратовская область,2018,129174.6
Саратовская область,2019,145142.5
Саратовская область,2020,189775.2
Саратовская область,2021,231259.2
Саратовская область,2022,261657.2
Саратовская область,2023,271888.3
Саратовская область,2024,282127.4
Сахалинская область,1991,1.3
Сахалинская область,1992,12.4
Сахалинская область,1993,143.2
Сахалинская область,1994,417.6
Сахалинская область,1995,881.3
Сахалинская область,1996,918.7
Сахалинская область,1997,1037.2
Сахалинская область,1998,1095.5
Сахалинская область,1999,1407.4
Сахалинская область,2000,1732.3
Сахалинская область,2001,2614.9
Сахалинская область,2002,2364.8
Сахалинская область,2003,2862.5
Сахалинская область,2004,2792.0
Сахалинская область,2005,3499.1
Сахалинская область,2006,4224.4
Сахалинская область,2007,4790.7
Сахалинская область,2008,5052.0
Сахалинская область,2009,5036.8
Сахалинская область,2010,6836.1
Сахалинская область,2011,7182.1
Сахалинская область,2012,6825.7
Сахалинская область,2013,7587.8
Сахалинская область,2014,8550.8
Сахалинская область,2015,10840.3
Сахалинская область,2016,10388.1
Сахалинская область,2017,10525.6
Сахалинская область,2018,11146.7
Сахалинская область,2019,12157.0
Сахалинская область,2020,13913.7
Сахалинская область,2021,15148.9
Сахалинская область,2022,17335.3
Сахалинская область,2023,17989.0
Сахалинская область,2024,18063.5
Свердловская область,1991,5.2
Свердловская область,1992,55.3
Свердловская область,1993,528.4
Свердловская область,1994,1876.5
Свердловская область,1995,5428.1
Свердловская область,1996,6915.3
Свердловская область,1997,7358.9
Свердловская область,1998,7372.5
Свердловская область,1999,14262.9
Свердловская область,2000,15492.7
Свердловская область,2001,19636.7
Свердловская область,2002,20463.4
Свердловская область,2003,21870.4
Свердловская область,2004,24303.0
Свердловская область,2005,27395.5
Свердловская область,2006,30393.2
Свердловская область,2007,30851.6
Свердловская область,2008,40261.5
Свердловская область,2009,43314.6
Свердловская область,2010,44463.6
Свердловская область,2011,56586.6
Свердловская область,2012,51373.7
Свердловская область,2013,58576.2
Свердловская область,2014,65685.9
Свердловская область,2015,75604.8
Свердловская область,2016,74606.5
Свердловская область,2017,79133.6
Свердловская область,2018,84959.6
Свердловская область,2019,92017.8
Свердловская область,2020,93615.9
Свердловская область,2021,101837.2
Свердловская область,2022,115305.0
Свердловская область,2023,114283.1
Свердловская область,2024,132938.7
Смоленская область,1991,2.7
Смоленская область,1992,23.8
Смоленская область,1993,223.0
Смоленская область,1994,857.9
Смоленская область,1995,2348.6
Смоленская область,1996,3007.8
Смоленская область,1997,2795.7
Смоленская область,1998,2993.6
Смоленская область,1999,4913.0
Смоленская область,2000,5535.7
Смоленская область,2001,6910.3
Смоленская область,2002,7035.0
Смоленская область,2003,7803.8
Смоленская область,2004,8921.4
Смоленская область,2005,9454.9
Смоленская область,2006,9548.1
Смоленская область,2007,10525.8
Смоленская область,2008,12338.1
Смоленская область,2009,12345.4
Смоленская область,2010,13320.0
Смоленская область,2011,16953.5
Смоленская область,2012,16726.6
Смоленская область,2013,18061.5
Смоленская область,2014,19272.4
Смоленская область,2015,21007.2
Смоленская область,2016,21248.9
Смоленская область,2017,22820.7
Смоленская область,2018,24146.8
Смоленская область,2019,26740.6
Смоленская область,2020,26772.8
Смоленская область,2021,28615.7
Смоленская область,2022,33090.2
Смоленская область,2023,34090.4
Смоленская область,2024,39153.2
Ставропольский край,1991,7.7
Ставропольский край,1992,83.6
Ставропольский край,1993,564.3
Ставропольский край,1994,1656.1
Ставропольский край,1995,5152.0
Ставропольский край,1996,7258.3
Ставропольский край,1997,8654.5
Ставропольский край,1998,9829.7
Ставропольский край,1999,13951.2
Ставропольский край,2000,19387.3
Ставропольский край,2001,24497.2
Ставропольский край,2002,26619.0
Ставропольский край,2003,30767.9
Ставропольский край,2004,41495.6
Ставропольский край,2005,44513.4
Ставропольский край,2006,50595.8
Ставропольский край,2007,66951.7
Ставропольский край,2008,75108.9
Ставропольский край,2009,66157.2
Ставропольский край,2010,80800.7
Ставропольский край,2011,99549.4
Ставропольский край,2012,97287.5
Ставропольский край,2013,116220.8
Ставропольский край,2014,142016.3
Ставропольский край,2015,178840.3
Ставропольский край,2016,198562.9
Ставропольский край,2017,187181.7
Ставропольский край,2018,195858.0
Ставропольский край,2019,196803.2
Ставропольский край,2020,183472.0
Ставропольский край,2021,286749.4
Ставропольский край,2022,278434.8
Ставропольский край,2023,287879.5
Ставропольский край,2024,297933.4
Тамбовская область,1991,3.5
Тамбовская область,1992,43.5
Тамбовская область,1993,330.4
Тамбовская область,1994,933.8
Тамбовская область,1995,2880.6
Тамбовская область,1996,3398.0
Тамбовская область,1997,3574.7
Тамбовская область,1998,3986.9
Тамбовская область,1999,7314.8
Тамбовская область,2000,8797.9
Тамбовская область,2001,12531.3
Тамбовская область,2002,13181.4
Тамбовская область,2003,15706.0
Тамбовская область,2004,16278.0
Тамбовская область,2005,18450.4
Тамбовская область,2006,21314.5
Тамбовская область,2007,26279.3
Тамбовская область,2008,32915.4
Тамбовская область,2009,34644.4
Тамбовская область,2010,33819.2
Тамбовская область,2011,48285.6
Тамбовская область,2012,55534.1
Тамбовская область,2013,66552.5
Тамбовская область,2014,87298.7
Тамбовская область,2015,118711.5
Тамбовская область,2016,108896.2
Тамбовская область,2017,111331.8
Тамбовская область,2018,127308.0
Тамбовская область,2019,136207.2
Тамбовская область,2020,170809.2
Тамбовская область,2021,212104.1
Тамбовская область,2022,208853.8
Тамбовская область,2023,204061.8
Тамбовская область,2024,222101.5
Тверская область,1991,4.4
Тверская область,1992,29.2
Тверская область,1993,238.0
Тверская область,1994,920.3
Тверская область,1995,2709.1
Тверская область,1996,4056.4
Тверская область,1997,3568.0
Тверская область,1998,3863.9
Тверская область,1999,7046.2
Тверская область,2000,8069.6
Тверская область,2001,9717.2
Тверская область,2002,9792.0
Тверская область,2003,9419.5
Тверская область,2004,9564.1
Тверская область,2005,10155.4
Тверская область,2006,11350.9
Тверская область,2007,12282.2
Тверская область,2008,15475.3
Тверская область,2009,16234.8
Тверская область,2010,17344.2
Тверская область,2011,22720.0
Тверская область,2012,20898.6
Тверская область,2013,21201.7
Тверская область,2014,22855.0
Тверская область,2015,30420.7
Тверская область,2016,32881.1
Тверская область,2017,34890.8
Тверская область,2018,38926.9
Тверская область,2019,40384.4
Тверская область,2020,39481.0
Тверская область,2021,46500.8
Тверская область,2022,55201.8
Тверская область,2023,60794.6
Тверская область,2024,69949.0
Томская область,1991,1.9
Томская область,1992,17.0
Томская область,1993,197.1
Томская область,1994,589.0
Томская область,1995,1656.8
Томская область,1996,2020.2
Томская область,1997,2486.8
Томская область,1998,2522.1
Томская область,1999,3886.8
Томская область,2000,5089.6
Томская область,2001,5533.3
Томская область,2002,6074.3
Томская область,2003,7313.6
Томская область,2004,8533.1
Томская область,2005,9094.6
Томская область,2006,10236.9
Томская область,2007,11897.4
Томская область,2008,15761.0
Томская область,2009,15272.7
Томская область,2010,17285.9
Томская область,2011,18033.6
Томская область,2012,18195.5
Томская область,2013,21016.1
Томская область,2014,23244.9
Томская область,2015,26532.8
Томская область,2016,25985.3
Томская область,2017,28753.4
Томская область,2018,30727.7
Томская область,2019,30422.2
Томская область,2020,34556.0
Томская область,2021,39140.8
Томская область,2022,44347.7
Томская область,2023,41908.0
Томская область,2024,45276.4
Тульская область,1991,3.7
Тульская область,1992,36.7
Тульская область,1993,347.0
Тульская область,1994,1149.8
Тульская область,1995,3341.9
Тульская область,1996,4480.8
Тульская область,1997,3972.1
Тульская область,1998,4941.6
Тульская область,1999,8190.8
Тульская область,2000,9679.0
Тульская область,2001,11699.7
Тульская область,2002,12311.1
Тульская область,2003,13194.2
Тульская область,2004,14406.4
Тульская область,2005,15329.3
Тульская область,2006,16289.0
Тульская область,2007,21654.9
Тульская область,2008,27263.4
Тульская область,2009,26608.1
Тульская область,2010,24900.6
Тульская область,2011,28196.1
Тульская область,2012,30688.3
Тульская область,2013,32900.7
Тульская область,2014,42214.3
Тульская область,2015,51633.5
Тульская область,2016,55431.7
Тульская область,2017,57236.1
Тульская область,2018,65785.1
Тульская область,2019,80032.2
Тульская область,2020,92926.7
Тульская область,2021,108866.9
Тульская область,2022,110712.9
Тульская область,2023,109973.9
Тульская область,2024,124006.9
Тюменская область,1991,3.9
Тюменская область,1992,39.2
Тюменская область,1993,308.4
Тюменская область,1994,1144.0
Тюменская область,1995,3740.1
Тюменская область,1996,4906.1
Тюменская область,1997,4982.6
Тюменская область,1998,4850.5
Тюменская область,1999,9230.7
Тюменская область,2000,11915.5
Тюменская область,2001,15272.9
Тюменская область,2002,15535.8
Тюменская область,2003,17913.4
Тюменская область,2004,21991.1
Тюменская область,2005,24213.6
Тюменская область,2006,30660.0
Тюменская область,2007,33509.1
Тюменская область,2008,43218.8
Тюменская область,2009,45330.7
Тюменская область,2010,46654.0
Тюменская область,2011,58660.2
Тюменская область,2012,56125.2
Тюменская область,2013,58853.2
Тюменская область,2014,67110.7
Тюменская область,2015,70657.0
Тюменская область,2016,74486.2
Тюменская область,2017,76715.6
Тюменская область,2018,77792.4
Тюменская область,2019,83036.5
Тюменская область,2020,87514.0
Тюменская область,2021,98696.4
Тюменская область,2022,123348.7
Тюменская область,2023,115594.9
Тюменская область,2024,135576.6
Удмуртская Республика,1991,2.9
Удмуртская Республика,1992,36.2
Удмуртская Республика,1993,249.5
Удмуртская Республика,1994,950.7
Удмуртская Республика,1995,2500.7
Удмуртская Республика,1996,3705.7
Удмуртская Республика,1997,3677.6
Удмуртская Республика,1998,3854.6
Удмуртская Республика,1999,8654.2
Удмуртская Республика,2000,9963.2
Удмуртская Республика,2001,13182.2
Удмуртская Республика,2002,14410.0
Удмуртская Республика,2003,15000.1
Удмуртская Республика,2004,15843.9
Удмуртская Республика,2005,18660.4
Удмуртская Республика,2006,21828.5
Удмуртская Республика,2007,24426.7
Удмуртская Республика,2008,30870.4
Удмуртская Республика,2009,31473.8
Удмуртская Республика,2010,32680.1
Удмуртская Республика,2011,43607.3
Удмуртская Республика,2012,44229.9
Удмуртская Республика,2013,45513.2
Удмуртская Республика,2014,56511.6
Удмуртская Республика,2015,62291.5
Удмуртская Республика,2016,64544.0
Удмуртская Республика,2017,65292.8
Удмуртская Республика,2018,64538.5
Удмуртская Республика,2019,67705.4
Удмуртская Республика,2020,71475.6
Удмуртская Республика,2021,78918.6
Удмуртская Республика,2022,91298.4
Удмуртская Республика,2023,88695.3
Удмуртская Республика,2024,101650.3
Ульяновская область,1991,3.0
Ульяновская область,1992,33.0
Ульяновская область,1993,225.7
Ульяновская область,1994,948.8
Ульяновская область,1995,2722.6
Ульяновская область,1996,3676.7
Ульяновская область,1997,3796.6
Ульяновская область,1998,2283.7
Ульяновская область,1999,5562.3
Ульяновская область,2000,7145.7
Ульяновская область,2001,9503.0
Ульяновская область,2002,8518.0
Ульяновская область,2003,9225.5
Ульяновская область,2004,10226.5
Ульяновская область,2005,11218.5
Ульяновская область,2006,13086.8
Ульяновская область,2007,14517.1
Ульяновская область,2008,19122.8
Ульяновская область,2009,18241.1
Ульяновская область,2010,16563.1
Ульяновская область,2011,28571.3
Ульяновская область,2012,26725.1
Ульяновская область,2013,27625.3
Ульяновская область,2014,28198.2
Ульяновская область,2015,33706.8
Ульяновская область,2016,38762.2
Ульяновская область,2017,38461.6
Ульяновская область,2018,37868.4
Ульяновская область,2019,43433.0
Ульяновская область,2020,56871.0
Ульяновская область,2021,59039.2
Ульяновская область,2022,79480.2
Ульяновская область,2023,69050.0
Ульяновская область,2024,75182.6
Хабаровский край,1991,2.0
Хабаровский край,1992,20.7
Хабаровский край,1993,154.4
Хабаровский край,1994,462.3
Хабаровский край,1995,1137.6
Хабаровский край,1996,2177.0
Хабаровский край,1997,1981.1
Хабаровский край,1998,2352.2
Хабаровский край,1999,3179.1
Хабаровский край,2000,3590.9
Хабаровский край,2001,4685.6
Хабаровский край,2002,5268.7
Хабаровский край,2003,6043.0
Хабаровский край,2004,6364.7
Хабаровский край,2005,7477.7
Хабаровский край,2006,7928.3
Хабаровский край,2007,8968.9
Хабаровский край,2008,9655.8
Хабаровский край,2009,12609.5
Хабаровский край,2010,14838.8
Хабаровский край,2011,15017.8
Хабаровский край,2012,15345.6
Хабаровский край,2013,15264.7
Хабаровский край,2014,16709.0
Хабаровский край,2015,17439.1
Хабаровский край,2016,16346.9
Хабаровский край,2017,16701.7
Хабаровский край,2018,17099.2
Хабаровский край,2019,14586.0
Хабаровский край,2020,18174.9
Хабаровский край,2021,18393.0
Хабаровский край,2022,18990.0
Хабаровский край,2023,20688.5
Хабаровский край,2024,23733.3
Ханты-Мансийский автономный округ - Югра,1995,454.2
Ханты-Мансийский автономный округ - Югра,1996,498.4
Ханты-Мансийский автономный округ - Югра,1997,641.3
Ханты-Мансийский автономный округ - Югра,1998,600.3
Ханты-Мансийский автономный округ - Югра,1999,1327.9
Ханты-Мансийский автономный округ - Югра,2000,1657.9
Ханты-Мансийский автономный округ - Югра,2001,1963.3
Ханты-Мансийский автономный округ - Югра,2002,1603.6
Ханты-Мансийский автономный округ - Югра,2003,2404.8
Ханты-Мансийский автономный округ - Югра,2004,2482.1
Ханты-Мансийский автономный округ - Югра,2005,2550.6
Ханты-Мансийский автономный округ - Югра,2006,3095.6
Ханты-Мансийский автономный округ - Югра,2007,3233.3
Ханты-Мансийский автономный округ - Югра,2008,4360.0
Ханты-Мансийский автономный округ - Югра,2009,5418.2
Ханты-Мансийский автономный округ - Югра,2010,5749.1
Ханты-Мансийский автономный округ - Югра,2011,8021.4
Ханты-Мансийский автономный округ - Югра,2012,8374.2
Ханты-Мансийский автономный округ - Югра,2013,8244.5
Ханты-Мансийский автономный округ - Югра,2014,7800.2
Ханты-Мансийский автономный округ - Югра,2015,7651.6
Ханты-Мансийский автономный округ - Югра,2016,8748.2
Ханты-Мансийский автономный округ - Югра,2017,9451.2
Ханты-Мансийский автономный округ - Югра,2018,10026.5
Ханты-Мансийский автономный округ - Югра,2019,9417.3
Ханты-Мансийский автономный округ - Югра,2020,10308.0
Ханты-Мансийский автономный округ - Югра,2021,8603.4
Ханты-Мансийский автономный округ - Югра,2022,8999.2
Ханты-Мансийский автономный округ - Югра,2023,9871.5
Ханты-Мансийский автономный округ - Югра,2024,12070.2
Челябинская область,1991,4.8
Челябинская область,1992,37.7
Челябинская область,1993,357.3
Челябинская область,1994,1353.0
Челябинская область,1995,3258.9
Челябинская область,1996,5135.5
Челябинская область,1997,6260.2
Челябинская область,1998,4785.2
Челябинская область,1999,10647.0
Челябинская область,2000,12301.5
Челябинская область,2001,15873.3
Челябинская область,2002,17817.9
Челябинская область,2003,22398.2
Челябинская область,2004,25185.5
Челябинская область,2005,34895.1
Челябинская область,2006,45388.1
Челябинская область,2007,48670.1
Челябинская область,2008,61001.6
Челябинская область,2009,59346.9
Челябинская область,2010,58435.1
Челябинская область,2011,80004.1
Челябинская область,2012,66345.8
Челябинская область,2013,75489.5
Челябинская область,2014,91756.3
Челябинская область,2015,111353.4
Челябинская область,2016,117485.5
Челябинская область,2017,125859.4
Челябинская область,2018,119416.8
Челябинская область,2019,122501.1
Челябинская область,2020,113526.6
Челябинская область,2021,124170.4
Челябинская область,2022,147019.1
Челябинская область,2023,129798.2
Челябинская область,2024,151693.6
Чеченская Республика,1991,1.6
Чеченская Республика,1992,17.9
Чеченская Республика,1993,94.7
Чеченская Республика,2004,3767.6
Чеченская Республика,2005,4551.6
Чеченская Республика,2006,5277.3
Чеченская Республика,2007,6938.8
Чеченская Республика,2008,8559.7
Чеченская Республика,2009,10389.5
Чеченская Республика,2010,10893.0
Чеченская Республика,2011,12889.0
Чеченская Республика,2012,13564.7
Чеченская Республика,2013,14658.8
Чеченская Республика,2014,15156.2
Чеченская Республика,2015,17548.8
Чеченская Республика,2016,21122.7
Чеченская Республика,2017,25996.9
Чеченская Республика,2018,27777.7
Чеченская Республика,2019,32715.5
Чеченская Республика,2020,39885.6
Чеченская Республика,2021,45063.4
Чеченская Республика,2022,50861.0
Чеченская Республика,2023,56671.5
Чеченская Республика,2024,62452.7
Чувашская Республика,1991,3.1
Чувашская Республика,1992,24.8
Чувашская Республика,1993,209.2
Чувашская Республика,1994,711.5
Чувашская Республика,1995,2131.0
Чувашская Республика,1996,3036.0
Чувашская Республика,1997,3565.5
Чувашская Республика,1998,3449.5
Чувашская Республика,1999,7015.6
Чувашская Республика,2000,8317.8
Чувашская Республика,2001,9748.2
Чувашская Республика,2002,10110.6
Чувашская Республика,2003,10896.0
Чувашская Республика,2004,11869.5
Чувашская Республика,2005,13482.6
Чувашская Республика,2006,14654.7
Чувашская Республика,2007,16150.0
Чувашская Республика,2008,21314.1
Чувашская Республика,2009,23072.3
Чувашская Республика,2010,20912.4
Чувашская Республика,2011,30531.3
Чувашская Республика,2012,30867.8
Чувашская Республика,2013,29086.2
Чувашская Республика,2014,33925.4
Чувашская Республика,2015,39604.2
Чувашская Республика,2016,39553.6
Чувашская Республика,2017,38615.4
Чувашская Республика,2018,37467.7
Чувашская Республика,2019,42902.6
Чувашская Республика,2020,44837.1
Чувашская Республика,2021,49460.6
Чувашская Республика,2022,64532.3
Чувашская Республика,2023,63430.3
Чувашская Республика,2024,72788.8
Чукотский автономный округ,1993,20.8
Чукотский автономный округ,1994,37.1
Чукотский автономный округ,1995,110.1
Чукотский автономный округ,1996,87.1
Чукотский автономный округ,1997,114.6
Чукотский автономный округ,1998,64.5
Чукотский автономный округ,1999,113.2
Чукотский автономный округ,2000,72.1
Чукотский автономный округ,2001,94.3
Чукотский автономный округ,2002,133.9
Чукотский автономный округ,2003,211.3
Чукотский автономный округ,2004,241.0
Чукотский автономный округ,2005,292.6
Чукотский автономный округ,2006,435.2
Чукотский автономный округ,2007,466.6
Чукотский автономный округ,2008,496.6
Чукотский автономный округ,2009,599.2
Чукотский автономный округ,2010,623.2
Чукотский автономный округ,2011,841.6
Чукотский автономный округ,2012,689.8
Чукотский автономный округ,2013,638.2
Чукотский автономный округ,2014,860.4
Чукотский автономный округ,2015,396.7
Чукотский автономный округ,2016,577.7
Чукотский автономный округ,2017,1452.9
Чукотский автономный округ,2018,1334.5
Чукотский автономный округ,2019,1648.5
Чукотский автономный округ,2020,1610.1
Чукотский автономный округ,2021,1639.5
Чукотский автономный округ,2022,1884.6
Чукотский автономный округ,2023,1937.8
Чукотский автономный округ,2024,2542.2
Ямало-Ненецкий автономный округ,1995,97.1
Ямало-Ненецкий автономный округ,1996,120.4
Ямало-Ненецкий автономный округ,1997,133.5
Ямало-Ненецкий автономный округ,1998,181.3
Ямало-Ненецкий автономный округ,1999,203.8
Ямало-Ненецкий автономный округ,2000,239.4
Ямало-Ненецкий автономный округ,2001,302.9
Ямало-Ненецкий автономный округ,2002,402.1
Ямало-Ненецкий автономный округ,2003,532.4
Ямало-Ненецкий автономный округ,2004,573.1
Ямало-Ненецкий автономный округ,2005,497.3
Ямало-Ненецкий автономный округ,2006,705.0
Ямало-Ненецкий автономный округ,2007,887.8
Ямало-Ненецкий автономный округ,2008,1273.7
Ямало-Ненецкий автономный округ,2009,1344.5
Ямало-Ненецкий автономный округ,2010,1474.9
Ямало-Ненецкий автономный округ,2011,1854.7
Ямало-Ненецкий автономный округ,2012,1914.6
Ямало-Ненецкий автономный округ,2013,1962.9
Ямало-Ненецкий автономный округ,2014,2046.4
Ямало-Ненецкий автономный округ,2015,2083.7
Ямало-Ненецкий автономный округ,2016,2274.3
Ямало-Ненецкий автономный округ,2017,2687.0
Ямало-Ненецкий автономный округ,2018,2760.6
Ямало-Ненецкий автономный округ,2019,2926.6
Ямало-Ненецкий автономный округ,2020,3082.5
Ямало-Ненецкий автономный округ,2021,3776.7
Ямало-Ненецкий автономный округ,2022,3649.9
Ямало-Ненецкий автономный округ,2023,3096.2
Ямало-Ненецкий автономный округ,2024,2515.0
Ярославская область,1991,2.2
Ярославская область,1992,21.5
Ярославская область,1993,189.3
Ярославская область,1994,601.0
Ярославская область,1995,2056.5
Ярославская область,1996,2759.1
Ярославская область,1997,2950.9
Ярославская область,1998,2962.0
Ярославская область,1999,6694.7
Ярославская область,2000,6855.2
Ярославская область,2001,8185.5
Ярославская область,2002,8547.3
Ярославская область,2003,9066.0
Ярославская область,2004,9046.7
Ярославская область,2005,10179.4
Ярославская область,2006,11493.2
Ярославская область,2007,14138.9
Ярославская область,2008,16332.2
Ярославская область,2009,16353.0
Ярославская область,2010,17867.2
Ярославская область,2011,21075.8
Ярославская область,2012,22474.4
Ярославская область,2013,23602.6
Ярославская область,2014,28504.4
Ярославская область,2015,32010.3
Ярославская область,2016,32053.6
Ярославская область,2017,31824.7
Ярославская область,2018,34072.1
Ярославская область,2019,36535.0
Ярославская область,2020,39412.4
Ярославская область,2021,48507.8
Ярославская область,2022,52933.5
Ярославская область,2023,60364.6
Ярославская область,2024,72227.7
г. Москва,2012,8865.0
г. Москва,2013,7511.4
г. Москва,2014,8641.5
г. Москва,2015,8914.7
г. Москва,2016,8431.6
г. Москва,2017,8517.4
г. Москва,2018,7308.2
г. Москва,2019,7310.4
г. Москва,2020,5212.9
г. Москва,2021,5042.6
г. Москва,2022,5384.3
г. Москва,2023,4357.4
г. Москва,2024,3586.2
г. Севастополь,2014,1748.7
г. Севастополь,2015,2015.8
г. Севастополь,2016,2269.3
г. Севастополь,2017,2474.3
г. Севастополь,2018,2061.2
г. Севастополь,2019,3103.6
г. Севастополь,2020,3038.9
г. Севастополь,2021,3125.3
г. Севастополь,2022,3714.6
г. Севастополь,2023,4227.8
г. Севастополь,2024,5426.0
