label_0,label_1,label_2,period_label,period,value
Российская Федерация,процент,значение показателя за год,,2010,7.3
Российская Федерация,процент,значение показателя за год,,2011,6.5
Российская Федерация,процент,значение показателя за год,,2012,5.5
Российская Федерация,процент,значение показателя за год,,2013,5.5
Российская Федерация,процент,значение показателя за год,,2014,5.2
Российская Федерация,процент,значение показателя за год,,2015,5.6
Российская Федерация,процент,значение показателя за год,,2016,5.5
Российская Федерация,процент,значение показателя за год,,2017,5.2
Российская Федерация,процент,значение показателя за год,,2018,4.8
Центральный федеральный округ,процент,значение показателя за год,,2010,4.6
Центральный федеральный округ,процент,значение показателя за год,,2011,4.1
Центральный федеральный округ,процент,значение показателя за год,,2012,3.1
Центральный федеральный округ,процент,значение показателя за год,,2013,3.3
Центральный федеральный округ,процент,значение показателя за год,,2014,3.1
Центральный федеральный округ,процент,значение показателя за год,,2015,3.5
Центральный федеральный округ,процент,значение показателя за год,,2016,3.5
Центральный федеральный округ,процент,значение показателя за год,,2017,3.2
Центральный федеральный округ,процент,значение показателя за год,,2018,2.9
Белгородская область,процент,значение показателя за год,,2010,5.2
Белгородская область,процент,значение показателя за год,,2011,4.3
Белгородская область,процент,значение показателя за год,,2012,3.7
Белгородская область,процент,значение показателя за год,,2013,4.0
Белгородская область,процент,значение показателя за год,,2014,4.0
Белгородская область,процент,значение показателя за год,,2015,4.1
Белгородская область,процент,значение показателя за год,,2016,4.0
Белгородская область,процент,значение показателя за год,,2017,3.9
Белгородская область,процент,значение показателя за год,,2018,4.0
Брянская область,процент,значение показателя за год,,2010,8.0
Брянская область,процент,значение показателя за год,,2011,7.1
Брянская область,процент,значение показателя за год,,2012,5.1
Брянская область,процент,значение показателя за год,,2013,5.2
Брянская область,процент,значение показателя за год,,2014,5.0
Брянская область,процент,значение показателя за год,,2015,4.6
Брянская область,процент,значение показателя за год,,2016,4.6
Брянская область,процент,значение показателя за год,,2017,4.4
Брянская область,процент,значение показателя за год,,2018,3.9
Владимирская область,процент,значение показателя за год,,2010,6.1
Владимирская область,процент,значение показателя за год,,2011,5.7
Владимирская область,процент,значение показателя за год,,2012,4.4
Владимирская область,процент,значение показателя за год,,2013,3.8
Владимирская область,процент,значение показателя за год,,2014,4.3
Владимирская область,процент,значение показателя за год,,2015,5.6
Владимирская область,процент,значение показателя за год,,2016,5.6
Владимирская область,процент,значение показателя за год,,2017,4.8
Владимирская область,процент,значение показателя за год,,2018,4.7
Воронежская область,процент,значение показателя за год,,2010,7.5
Воронежская область,процент,значение показателя за год,,2011,6.4
Воронежская область,процент,значение показателя за год,,2012,5.5
Воронежская область,процент,значение показателя за год,,2013,4.7
Воронежская область,процент,значение показателя за год,,2014,4.5
Воронежская область,процент,значение показателя за год,,2015,4.5
Воронежская область,процент,значение показателя за год,,2016,4.5
Воронежская область,процент,значение показателя за год,,2017,4.3
Воронежская область,процент,значение показателя за год,,2018,3.7
Ивановская область,процент,значение показателя за год,,2010,7.6
Ивановская область,процент,значение показателя за год,,2011,6.6
Ивановская область,процент,значение показателя за год,,2012,6.3
Ивановская область,процент,значение показателя за год,,2013,5.2
Ивановская область,процент,значение показателя за год,,2014,4.3
Ивановская область,процент,значение показателя за год,,2015,5.6
Ивановская область,процент,значение показателя за год,,2016,5.6
Ивановская область,процент,значение показателя за год,,2017,4.7
Ивановская область,процент,значение показателя за год,,2018,4.2
Калужская область,процент,значение показателя за год,,2010,6.7
Калужская область,процент,значение показателя за год,,2011,5.6
Калужская область,процент,значение показателя за год,,2012,4.3
Калужская область,процент,значение показателя за год,,2013,4.5
Калужская область,процент,значение показателя за год,,2014,4.2
Калужская область,процент,значение показателя за год,,2015,4.3
Калужская область,процент,значение показателя за год,,2016,4.2
Калужская область,процент,значение показателя за год,,2017,4.0
Калужская область,процент,значение показателя за год,,2018,3.9
Костромская область,процент,значение показателя за год,,2010,6.0
Костромская область,процент,значение показателя за год,,2011,5.1
Костромская область,процент,значение показателя за год,,2012,4.8
Костромская область,процент,значение показателя за год,,2013,4.9
Костромская область,процент,значение показателя за год,,2014,4.3
Костромская область,процент,значение показателя за год,,2015,5.3
Костромская область,процент,значение показателя за год,,2016,5.5
Костромская область,процент,значение показателя за год,,2017,5.3
Костромская область,процент,значение показателя за год,,2018,4.5
Курская область,процент,значение показателя за год,,2010,8.2
Курская область,процент,значение показателя за год,,2011,6.3
Курская область,процент,значение показателя за год,,2012,5.1
Курская область,процент,значение показателя за год,,2013,4.6
Курская область,процент,значение показателя за год,,2014,3.9
Курская область,процент,значение показателя за год,,2015,4.2
Курская область,процент,значение показателя за год,,2016,4.3
Курская область,процент,значение показателя за год,,2017,4.1
Курская область,процент,значение показателя за год,,2018,4.0
Липецкая область,процент,значение показателя за год,,2010,4.5
Липецкая область,процент,значение показателя за год,,2011,4.9
Липецкая область,процент,значение показателя за год,,2012,3.6
Липецкая область,процент,значение показателя за год,,2013,3.7
Липецкая область,процент,значение показателя за год,,2014,3.7
Липецкая область,процент,значение показателя за год,,2015,4.1
Липецкая область,процент,значение показателя за год,,2016,4.0
Липецкая область,процент,значение показателя за год,,2017,3.9
Липецкая область,процент,значение показателя за год,,2018,3.8
Московская область,процент,значение показателя за год,,2010,3.3
Московская область,процент,значение показателя за год,,2011,3.7
Московская область,процент,значение показателя за год,,2012,2.9
Московская область,процент,значение показателя за год,,2013,2.8
Московская область,процент,значение показателя за год,,2014,2.7
Московская область,процент,значение показателя за год,,2015,3.3
Московская область,процент,значение показателя за год,,2016,3.3
Московская область,процент,значение показателя за год,,2017,3.2
Московская область,процент,значение показателя за год,,2018,2.7
Орловская область,процент,значение показателя за год,,2010,8.9
Орловская область,процент,значение показателя за год,,2011,6.3
Орловская область,процент,значение показателя за год,,2012,5.3
Орловская область,процент,значение показателя за год,,2013,5.8
Орловская область,процент,значение показателя за год,,2014,5.1
Орловская область,процент,значение показателя за год,,2015,6.2
Орловская область,процент,значение показателя за год,,2016,6.4
Орловская область,процент,значение показателя за год,,2017,6.5
Орловская область,процент,значение показателя за год,,2018,4.9
Рязанская область,процент,значение показателя за год,,2010,8.4
Рязанская область,процент,значение показателя за год,,2011,7.2
Рязанская область,процент,значение показателя за год,,2012,4.6
Рязанская область,процент,значение показателя за год,,2013,4.7
Рязанская область,процент,значение показателя за год,,2014,4.4
Рязанская область,процент,значение показателя за год,,2015,4.7
Рязанская область,процент,значение показателя за год,,2016,4.4
Рязанская область,процент,значение показателя за год,,2017,4.1
Рязанская область,процент,значение показателя за год,,2018,4.2
Смоленская область,процент,значение показателя за год,,2010,7.4
Смоленская область,процент,значение показателя за год,,2011,7.6
Смоленская область,процент,значение показателя за год,,2012,5.7
Смоленская область,процент,значение показателя за год,,2013,5.2
Смоленская область,процент,значение показателя за год,,2014,5.1
Смоленская область,процент,значение показателя за год,,2015,6.2
Смоленская область,процент,значение показателя за год,,2016,6.1
Смоленская область,процент,значение показателя за год,,2017,5.7
Смоленская область,процент,значение показателя за год,,2018,5.2
Тамбовская область,процент,значение показателя за год,,2010,7.8
Тамбовская область,процент,значение показателя за год,,2011,6.6
Тамбовская область,процент,значение показателя за год,,2012,4.9
Тамбовская область,процент,значение показателя за год,,2013,4.6
Тамбовская область,процент,значение показателя за год,,2014,4.3
Тамбовская область,процент,значение показателя за год,,2015,4.6
Тамбовская область,процент,значение показателя за год,,2016,4.5
Тамбовская область,процент,значение показателя за год,,2017,4.4
Тамбовская область,процент,значение показателя за год,,2018,4.1
Тверская область,процент,значение показателя за год,,2010,6.6
Тверская область,процент,значение показателя за год,,2011,6.0
Тверская область,процент,значение показателя за год,,2012,5.0
Тверская область,процент,значение показателя за год,,2013,5.3
Тверская область,процент,значение показателя за год,,2014,5.3
Тверская область,процент,значение показателя за год,,2015,5.6
Тверская область,процент,значение показателя за год,,2016,5.8
Тверская область,процент,значение показателя за год,,2017,4.5
Тверская область,процент,значение показателя за год,,2018,4.1
Тульская область,процент,значение показателя за год,,2010,5.8
Тульская область,процент,значение показателя за год,,2011,5.3
Тульская область,процент,значение показателя за год,,2012,4.6
Тульская область,процент,значение показателя за год,,2013,4.2
Тульская область,процент,значение показателя за год,,2014,4.1
Тульская область,процент,значение показателя за год,,2015,4.1
Тульская область,процент,значение показателя за год,,2016,4.1
Тульская область,процент,значение показателя за год,,2017,3.9
Тульская область,процент,значение показателя за год,,2018,3.9
Ярославская область,процент,значение показателя за год,,2010,7.5
Ярославская область,процент,значение показателя за год,,2011,5.1
Ярославская область,процент,значение показателя за год,,2012,3.4
Ярославская область,процент,значение показателя за год,,2013,4.5
Ярославская область,процент,значение показателя за год,,2014,3.8
Ярославская область,процент,значение показателя за год,,2015,5.3
Ярославская область,процент,значение показателя за год,,2016,6.7
Ярославская область,процент,значение показателя за год,,2017,6.6
Ярославская область,процент,значение показателя за год,,2018,5.5
Город Москва столица Российской Федерации город федерального значения,процент,значение показателя за год,,2010,1.8
Город Москва столица Российской Федерации город федерального значения,процент,значение показателя за год,,2011,1.4
Город Москва столица Российской Федерации город федерального значения,процент,значение показателя за год,,2012,0.8
Город Москва столица Российской Федерации город федерального значения,процент,значение показателя за год,,2013,1.7
Город Москва столица Российской Федерации город федерального значения,процент,значение показателя за год,,2014,1.5
Город Москва столица Российской Федерации город федерального значения,процент,значение показателя за год,,2015,1.8
Город Москва столица Российской Федерации город федерального значения,процент,значение показателя за год,,2016,1.8
Город Москва столица Российской Федерации город федерального значения,процент,значение показателя за год,,2017,1.4
Город Москва столица Российской Федерации город федерального значения,процент,значение показателя за год,,2018,1.2
Северо-Западный федеральный округ,процент,значение показателя за год,,2010,5.9
Северо-Западный федеральный округ,процент,значение показателя за год,,2011,5.1
Северо-Западный федеральный округ,процент,значение показателя за год,,2012,4.0
Северо-Западный федеральный округ,процент,значение показателя за год,,2013,4.3
Северо-Западный федеральный округ,процент,значение показателя за год,,2014,4.1
Северо-Западный федеральный округ,процент,значение показателя за год,,2015,4.7
Северо-Западный федеральный округ,процент,значение показателя за год,,2016,4.6
Северо-Западный федеральный округ,процент,значение показателя за год,,2017,4.2
Северо-Западный федеральный округ,процент,значение показателя за год,,2018,3.9
Республика Карелия,процент,значение показателя за год,,2010,9.3
Республика Карелия,процент,значение показателя за год,,2011,8.4
Республика Карелия,процент,значение показателя за год,,2012,7.0
Республика Карелия,процент,значение показателя за год,,2013,8.2
Республика Карелия,процент,значение показателя за год,,2014,8.1
Республика Карелия,процент,значение показателя за год,,2015,8.8
Республика Карелия,процент,значение показателя за год,,2016,9.2
Республика Карелия,процент,значение показателя за год,,2017,8.6
Республика Карелия,процент,значение показателя за год,,2018,8.7
Республика Коми,процент,значение показателя за год,,2010,10.1
Республика Коми,процент,значение показателя за год,,2011,8.2
Республика Коми,процент,значение показателя за год,,2012,6.4
Республика Коми,процент,значение показателя за год,,2013,7.1
Республика Коми,процент,значение показателя за год,,2014,6.0
Республика Коми,процент,значение показателя за год,,2015,7.0
Республика Коми,процент,значение показателя за год,,2016,8.7
Республика Коми,процент,значение показателя за год,,2017,7.8
Республика Коми,процент,значение показателя за год,,2018,7.3
Архангельская область,процент,значение показателя за год,,2010,6.9
Архангельская область,процент,значение показателя за год,,2011,5.9
Архангельская область,процент,значение показателя за год,,2012,5.4
Архангельская область,процент,значение показателя за год,,2013,6.1
Архангельская область,процент,значение показателя за год,,2014,7.2
Архангельская область,процент,значение показателя за год,,2015,6.8
Архангельская область,процент,значение показателя за год,,2016,7.1
Архангельская область,процент,значение показателя за год,,2017,6.5
Архангельская область,процент,значение показателя за год,,2018,6.4
Ненецкий автономный округ (Архангельская область),процент,значение показателя за год,,2010,6.5
Ненецкий автономный округ (Архангельская область),процент,значение показателя за год,,2011,8.7
Ненецкий автономный округ (Архангельская область),процент,значение показателя за год,,2012,6.9
Ненецкий автономный округ (Архангельская область),процент,значение показателя за год,,2013,7.1
Ненецкий автономный округ (Архангельская область),процент,значение показателя за год,,2014,5.3
Ненецкий автономный округ (Архангельская область),процент,значение показателя за год,,2015,7.9
Ненецкий автономный округ (Архангельская область),процент,значение показателя за год,,2016,8.5
Ненецкий автономный округ (Архангельская область),процент,значение показателя за год,,2017,8.0
Ненецкий автономный округ (Архангельская область),процент,значение показателя за год,,2018,8.1
Архангельская область (без АО),процент,значение показателя за год,,2013,6.0
Архангельская область (без АО),процент,значение показателя за год,,2014,7.3
Архангельская область (без АО),процент,значение показателя за год,,2015,6.8
Архангельская область (без АО),процент,значение показателя за год,,2016,7.1
Архангельская область (кроме Ненецкого автономного округа),процент,значение показателя за год,,2016,7.1
Архангельская область (кроме Ненецкого автономного округа),процент,значение показателя за год,,2017,6.4
Архангельская область (кроме Ненецкого автономного округа),процент,значение показателя за год,,2018,6.3
Вологодская область,процент,значение показателя за год,,2010,7.8
Вологодская область,процент,значение показателя за год,,2011,7.3
Вологодская область,процент,значение показателя за год,,2012,5.8
Вологодская область,процент,значение показателя за год,,2013,6.1
Вологодская область,процент,значение показателя за год,,2014,5.6
Вологодская область,процент,значение показателя за год,,2015,6.8
Вологодская область,процент,значение показателя за год,,2016,6.6
Вологодская область,процент,значение показателя за год,,2017,5.3
Вологодская область,процент,значение показателя за год,,2018,5.1
Калининградская область,процент,значение показателя за год,,2010,10.3
Калининградская область,процент,значение показателя за год,,2011,9.1
Калининградская область,процент,значение показателя за год,,2012,7.4
Калининградская область,процент,значение показателя за год,,2013,5.6
Калининградская область,процент,значение показателя за год,,2014,5.4
Калининградская область,процент,значение показателя за год,,2015,5.7
Калининградская область,процент,значение показателя за год,,2016,6.0
Калининградская область,процент,значение показателя за год,,2017,5.2
Калининградская область,процент,значение показателя за год,,2018,4.7
Ленинградская область,процент,значение показателя за год,,2010,5.2
Ленинградская область,процент,значение показателя за год,,2011,4.3
Ленинградская область,процент,значение показателя за год,,2012,3.2
Ленинградская область,процент,значение показателя за год,,2013,4.3
Ленинградская область,процент,значение показателя за год,,2014,4.5
Ленинградская область,процент,значение показателя за год,,2015,5.1
Ленинградская область,процент,значение показателя за год,,2016,4.6
Ленинградская область,процент,значение показателя за год,,2017,4.6
Ленинградская область,процент,значение показателя за год,,2018,4.1
Мурманская область,процент,значение показателя за год,,2010,8.6
Мурманская область,процент,значение показателя за год,,2011,8.6
Мурманская область,процент,значение показателя за год,,2012,7.7
Мурманская область,процент,значение показателя за год,,2013,7.2
Мурманская область,процент,значение показателя за год,,2014,6.7
Мурманская область,процент,значение показателя за год,,2015,7.8
Мурманская область,процент,значение показателя за год,,2016,7.7
Мурманская область,процент,значение показателя за год,,2017,7.0
Мурманская область,процент,значение показателя за год,,2018,6.8
Новгородская область,процент,значение показателя за год,,2010,5.6
Новгородская область,процент,значение показателя за год,,2011,4.9
Новгородская область,процент,значение показателя за год,,2012,4.1
Новгородская область,процент,значение показателя за год,,2013,4.6
Новгородская область,процент,значение показателя за год,,2014,3.7
Новгородская область,процент,значение показателя за год,,2015,4.6
Новгородская область,процент,значение показателя за год,,2016,4.9
Новгородская область,процент,значение показателя за год,,2017,4.7
Новгородская область,процент,значение показателя за год,,2018,4.2
Псковская область,процент,значение показателя за год,,2010,9.5
Псковская область,процент,значение показателя за год,,2011,9.3
Псковская область,процент,значение показателя за год,,2012,6.6
Псковская область,процент,значение показателя за год,,2013,7.0
Псковская область,процент,значение показателя за год,,2014,6.5
Псковская область,процент,значение показателя за год,,2015,6.9
Псковская область,процент,значение показателя за год,,2016,6.7
Псковская область,процент,значение показателя за год,,2017,6.5
Псковская область,процент,значение показателя за год,,2018,5.7
Город Санкт-Петербург город федерального значения,процент,значение показателя за год,,2010,2.6
Город Санкт-Петербург город федерального значения,процент,значение показателя за год,,2011,2.0
Город Санкт-Петербург город федерального значения,процент,значение показателя за год,,2012,1.1
Город Санкт-Петербург город федерального значения,процент,значение показателя за год,,2013,1.5
Город Санкт-Петербург город федерального значения,процент,значение показателя за год,,2014,1.4
Город Санкт-Петербург город федерального значения,процент,значение показателя за год,,2015,2.1
Город Санкт-Петербург город федерального значения,процент,значение показателя за год,,2016,1.6
Город Санкт-Петербург город федерального значения,процент,значение показателя за год,,2017,1.7
Город Санкт-Петербург город федерального значения,процент,значение показателя за год,,2018,1.5
Южный федеральный округ (до 29.07.2016),процент,значение показателя за год,,2010,7.6
Южный федеральный округ (до 29.07.2016),процент,значение показателя за год,,2011,7.0
Южный федеральный округ (до 29.07.2016),процент,значение показателя за год,,2012,6.2
Южный федеральный округ (до 29.07.2016),процент,значение показателя за год,,2013,6.5
Южный федеральный округ (до 29.07.2016),процент,значение показателя за год,,2014,6.2
Южный федеральный округ (до 29.07.2016),процент,значение показателя за год,,2015,6.6
Южный федеральный округ (до 29.07.2016),процент,значение показателя за год,,2016,6.3
Южный федеральный округ,процент,значение показателя за год,,2016,6.4
Южный федеральный округ,процент,значение показателя за год,,2017,6.0
Южный федеральный округ,процент,значение показателя за год,,2018,5.6
Республика Адыгея (Адыгея),процент,значение показателя за год,,2010,9.3
Республика Адыгея (Адыгея),процент,значение показателя за год,,2011,8.4
Республика Адыгея (Адыгея),процент,значение показателя за год,,2012,8.1
Республика Адыгея (Адыгея),процент,значение показателя за год,,2013,7.9
Республика Адыгея (Адыгея),процент,значение показателя за год,,2014,8.6
Республика Адыгея (Адыгея),процент,значение показателя за год,,2015,8.8
Республика Адыгея (Адыгея),процент,значение показателя за год,,2016,9.0
Республика Адыгея (Адыгея),процент,значение показателя за год,,2017,8.8
Республика Адыгея (Адыгея),процент,значение показателя за год,,2018,8.6
Республика Калмыкия,процент,значение показателя за год,,2010,14.8
Республика Калмыкия,процент,значение показателя за год,,2011,14.2
Республика Калмыкия,процент,значение показателя за год,,2012,13.1
Республика Калмыкия,процент,значение показателя за год,,2013,12.5
Республика Калмыкия,процент,значение показателя за год,,2014,10.9
Республика Калмыкия,процент,значение показателя за год,,2015,10.7
Республика Калмыкия,процент,значение показателя за год,,2016,10.6
Республика Калмыкия,процент,значение показателя за год,,2017,10.0
Республика Калмыкия,процент,значение показателя за год,,2018,9.7
Республика Крым,процент,значение показателя за год,,2015,7.2
Республика Крым,процент,значение показателя за год,,2016,6.8
Республика Крым,процент,значение показателя за год,,2017,6.4
Республика Крым,процент,значение показателя за год,,2018,6.0
Краснодарский край,процент,значение показателя за год,,2010,6.7
Краснодарский край,процент,значение показателя за год,,2011,5.9
Краснодарский край,процент,значение показателя за год,,2012,5.6
Краснодарский край,процент,значение показателя за год,,2013,6.1
Краснодарский край,процент,значение показателя за год,,2014,5.7
Краснодарский край,процент,значение показателя за год,,2015,6.0
Краснодарский край,процент,значение показателя за год,,2016,5.8
Краснодарский край,процент,значение показателя за год,,2017,5.7
Краснодарский край,процент,значение показателя за год,,2018,5.2
Астраханская область,процент,значение показателя за год,,2010,8.2
Астраханская область,процент,значение показателя за год,,2011,8.8
Астраханская область,процент,значение показателя за год,,2012,7.9
Астраханская область,процент,значение показателя за год,,2013,7.5
Астраханская область,процент,значение показателя за год,,2014,7.5
Астраханская область,процент,значение показателя за год,,2015,7.5
Астраханская область,процент,значение показателя за год,,2016,7.6
Астраханская область,процент,значение показателя за год,,2017,7.5
Астраханская область,процент,значение показателя за год,,2018,7.5
Волгоградская область,процент,значение показателя за год,,2010,8.0
Волгоградская область,процент,значение показателя за год,,2011,6.9
Волгоградская область,процент,значение показателя за год,,2012,6.0
Волгоградская область,процент,значение показателя за год,,2013,6.6
Волгоградская область,процент,значение показателя за год,,2014,6.6
Волгоградская область,процент,значение показателя за год,,2015,7.2
Волгоградская область,процент,значение показателя за год,,2016,6.8
Волгоградская область,процент,значение показателя за год,,2017,6.0
Волгоградская область,процент,значение показателя за год,,2018,5.6
Ростовская область,процент,значение показателя за год,,2010,7.7
Ростовская область,процент,значение показателя за год,,2011,7.3
Ростовская область,процент,значение показателя за год,,2012,6.0
Ростовская область,процент,значение показателя за год,,2013,6.0
Ростовская область,процент,значение показателя за год,,2014,5.9
Ростовская область,процент,значение показателя за год,,2015,6.1
Ростовская область,процент,значение показателя за год,,2016,5.8
Ростовская область,процент,значение показателя за год,,2017,5.6
Ростовская область,процент,значение показателя за год,,2018,5.1
Город федерального значения Севастополь,процент,значение показателя за год,,2015,8.3
Город федерального значения Севастополь,процент,значение показателя за год,,2016,6.2
Город федерального значения Севастополь,процент,значение показателя за год,,2017,4.6
Город федерального значения Севастополь,процент,значение показателя за год,,2018,4.3
Северо-Кавказский федеральный округ,процент,значение показателя за год,,2010,16.5
Северо-Кавказский федеральный округ,процент,значение показателя за год,,2011,14.5
Северо-Кавказский федеральный округ,процент,значение показателя за год,,2012,13.1
Северо-Кавказский федеральный округ,процент,значение показателя за год,,2013,13.0
Северо-Кавказский федеральный округ,процент,значение показателя за год,,2014,11.2
Северо-Кавказский федеральный округ,процент,значение показателя за год,,2015,11.1
Северо-Кавказский федеральный округ,процент,значение показателя за год,,2016,11.0
Северо-Кавказский федеральный округ,процент,значение показателя за год,,2017,11.0
Северо-Кавказский федеральный округ,процент,значение показателя за год,,2018,10.6
Республика Дагестан,процент,значение показателя за год,,2010,14.8
Республика Дагестан,процент,значение показателя за год,,2011,12.7
Республика Дагестан,процент,значение показателя за год,,2012,11.7
Республика Дагестан,процент,значение показателя за год,,2013,11.6
Республика Дагестан,процент,значение показателя за год,,2014,10.2
Республика Дагестан,процент,значение показателя за год,,2015,10.8
Республика Дагестан,процент,значение показателя за год,,2016,10.9
Республика Дагестан,процент,значение показателя за год,,2017,12.0
Республика Дагестан,процент,значение показателя за год,,2018,11.6
Республика Ингушетия,процент,значение показателя за год,,2010,49.7
Республика Ингушетия,процент,значение показателя за год,,2011,48.1
Республика Ингушетия,процент,значение показателя за год,,2012,47.7
Республика Ингушетия,процент,значение показателя за год,,2013,43.7
Республика Ингушетия,процент,значение показателя за год,,2014,29.8
Республика Ингушетия,процент,значение показателя за год,,2015,30.5
Республика Ингушетия,процент,значение показателя за год,,2016,30.2
Республика Ингушетия,процент,значение показателя за год,,2017,27.0
Республика Ингушетия,процент,значение показателя за год,,2018,26.6
Кабардино-Балкарская Республика,процент,значение показателя за год,,2010,12.7
Кабардино-Балкарская Республика,процент,значение показателя за год,,2011,10.5
Кабардино-Балкарская Республика,процент,значение показателя за год,,2012,8.9
Кабардино-Балкарская Республика,процент,значение показателя за год,,2013,10.5
Кабардино-Балкарская Республика,процент,значение показателя за год,,2014,9.5
Кабардино-Балкарская Республика,процент,значение показателя за год,,2015,10.1
Кабардино-Балкарская Республика,процент,значение показателя за год,,2016,10.3
Кабардино-Балкарская Республика,процент,значение показателя за год,,2017,10.5
Кабардино-Балкарская Республика,процент,значение показателя за год,,2018,10.5
Карачаево-Черкесская Республика,процент,значение показателя за год,,2010,10.3
Карачаево-Черкесская Республика,процент,значение показателя за год,,2011,9.8
Карачаево-Черкесская Республика,процент,значение показателя за год,,2012,8.9
Карачаево-Черкесская Республика,процент,значение показателя за год,,2013,9.8
Карачаево-Черкесская Республика,процент,значение показателя за год,,2014,13.0
Карачаево-Черкесская Республика,процент,значение показателя за год,,2015,15.1
Карачаево-Черкесская Республика,процент,значение показателя за год,,2016,14.4
Карачаево-Черкесская Республика,процент,значение показателя за год,,2017,13.5
Карачаево-Черкесская Республика,процент,значение показателя за год,,2018,12.1
Республика Северная Осетия-Алания,процент,значение показателя за год,,2010,9.7
Республика Северная Осетия-Алания,процент,значение показателя за год,,2011,8.3
Республика Северная Осетия-Алания,процент,значение показателя за год,,2012,7.9
Республика Северная Осетия-Алания,процент,значение показателя за год,,2013,8.1
Республика Северная Осетия-Алания,процент,значение показателя за год,,2014,8.6
Республика Северная Осетия-Алания,процент,значение показателя за год,,2015,9.3
Республика Северная Осетия-Алания,процент,значение показателя за год,,2016,9.9
Республика Северная Осетия-Алания,процент,значение показателя за год,,2017,11.8
Республика Северная Осетия-Алания,процент,значение показателя за год,,2018,10.5
Чеченская Республика,процент,значение показателя за год,,2010,43.3
Чеченская Республика,процент,значение показателя за год,,2011,37.3
Чеченская Республика,процент,значение показателя за год,,2012,29.8
Чеченская Республика,процент,значение показателя за год,,2013,26.9
Чеченская Республика,процент,значение показателя за год,,2014,21.5
Чеченская Республика,процент,значение показателя за год,,2015,17.1
Чеченская Республика,процент,значение показателя за год,,2016,15.8
Чеченская Республика,процент,значение показателя за год,,2017,14.0
Чеченская Республика,процент,значение показателя за год,,2018,13.7
Ставропольский край,процент,значение показателя за год,,2010,6.9
Ставропольский край,процент,значение показателя за год,,2011,6.0
Ставропольский край,процент,значение показателя за год,,2012,5.4
Ставропольский край,процент,значение показателя за год,,2013,5.6
Ставропольский край,процент,значение показателя за год,,2014,5.3
Ставропольский край,процент,значение показателя за год,,2015,5.6
Ставропольский край,процент,значение показателя за год,,2016,5.7
Ставропольский край,процент,значение показателя за год,,2017,5.2
Ставропольский край,процент,значение показателя за год,,2018,5.0
Приволжский федеральный округ,процент,значение показателя за год,,2010,7.6
Приволжский федеральный округ,процент,значение показателя за год,,2011,6.5
Приволжский федеральный округ,процент,значение показателя за год,,2012,5.3
Приволжский федеральный округ,процент,значение показателя за год,,2013,4.9
Приволжский федеральный округ,процент,значение показателя за год,,2014,4.5
Приволжский федеральный округ,процент,значение показателя за год,,2015,4.8
Приволжский федеральный округ,процент,значение показателя за год,,2016,4.8
Приволжский федеральный округ,процент,значение показателя за год,,2017,4.7
Приволжский федеральный округ,процент,значение показателя за год,,2018,4.4
Республика Башкортостан,процент,значение показателя за год,,2010,8.9
Республика Башкортостан,процент,значение показателя за год,,2011,7.6
Республика Башкортостан,процент,значение показателя за год,,2012,6.1
Республика Башкортостан,процент,значение показателя за год,,2013,5.8
Республика Башкортостан,процент,значение показателя за год,,2014,5.3
Республика Башкортостан,процент,значение показателя за год,,2015,6.1
Республика Башкортостан,процент,значение показателя за год,,2016,5.8
Республика Башкортостан,процент,значение показателя за год,,2017,5.6
Республика Башкортостан,процент,значение показателя за год,,2018,4.9
Республика Марий Эл,процент,значение показателя за год,,2010,10.5
Республика Марий Эл,процент,значение показателя за год,,2011,10.1
Республика Марий Эл,процент,значение показателя за год,,2012,6.5
Республика Марий Эл,процент,значение показателя за год,,2013,5.2
Республика Марий Эл,процент,значение показателя за год,,2014,4.8
Республика Марий Эл,процент,значение показателя за год,,2015,5.3
Республика Марий Эл,процент,значение показателя за год,,2016,6.0
Республика Марий Эл,процент,значение показателя за год,,2017,6.1
Республика Марий Эл,процент,значение показателя за год,,2018,5.0
Республика Мордовия,процент,значение показателя за год,,2010,5.4
Республика Мордовия,процент,значение показателя за год,,2011,5.2
Республика Мордовия,процент,значение показателя за год,,2012,4.9
Республика Мордовия,процент,значение показателя за год,,2013,4.4
Республика Мордовия,процент,значение показателя за год,,2014,4.2
Республика Мордовия,процент,значение показателя за год,,2015,4.2
Республика Мордовия,процент,значение показателя за год,,2016,4.2
Республика Мордовия,процент,значение показателя за год,,2017,4.2
Республика Мордовия,процент,значение показателя за год,,2018,4.2
Республика Татарстан (Татарстан),процент,значение показателя за год,,2010,6.2
Республика Татарстан (Татарстан),процент,значение показателя за год,,2011,4.7
Республика Татарстан (Татарстан),процент,значение показателя за год,,2012,4.1
Республика Татарстан (Татарстан),процент,значение показателя за год,,2013,4.0
Республика Татарстан (Татарстан),процент,значение показателя за год,,2014,3.9
Республика Татарстан (Татарстан),процент,значение показателя за год,,2015,4.0
Республика Татарстан (Татарстан),процент,значение показателя за год,,2016,3.8
Республика Татарстан (Татарстан),процент,значение показателя за год,,2017,3.5
Республика Татарстан (Татарстан),процент,значение показателя за год,,2018,3.3
Удмуртская Республика,процент,значение показателя за год,,2010,9.3
Удмуртская Республика,процент,значение показателя за год,,2011,6.9
Удмуртская Республика,процент,значение показателя за год,,2012,6.0
Удмуртская Республика,процент,значение показателя за год,,2013,5.7
Удмуртская Республика,процент,значение показателя за год,,2014,5.1
Удмуртская Республика,процент,значение показателя за год,,2015,5.0
Удмуртская Республика,процент,значение показателя за год,,2016,5.2
Удмуртская Республика,процент,значение показателя за год,,2017,4.8
Удмуртская Республика,процент,значение показателя за год,,2018,4.8
Чувашская Республика - Чувашия,процент,значение показателя за год,,2010,9.5
Чувашская Республика - Чувашия,процент,значение показателя за год,,2011,7.8
Чувашская Республика - Чувашия,процент,значение показателя за год,,2012,5.9
Чувашская Республика - Чувашия,процент,значение показателя за год,,2013,5.7
Чувашская Республика - Чувашия,процент,значение показателя за год,,2014,5.0
Чувашская Республика - Чувашия,процент,значение показателя за год,,2015,5.0
Чувашская Республика - Чувашия,процент,значение показателя за год,,2016,5.3
Чувашская Республика - Чувашия,процент,значение показателя за год,,2017,5.1
Чувашская Республика - Чувашия,процент,значение показателя за год,,2018,5.0
Пермский край,процент,значение показателя за год,,2010,8.3
Пермский край,процент,значение показателя за год,,2011,7.5
Пермский край,процент,значение показателя за год,,2012,6.3
Пермский край,процент,значение показателя за год,,2013,6.5
Пермский край,процент,значение показателя за год,,2014,5.8
Пермский край,процент,значение показателя за год,,2015,6.3
Пермский край,процент,значение показателя за год,,2016,5.8
Пермский край,процент,значение показателя за год,,2017,6.1
Пермский край,процент,значение показателя за год,,2018,5.4
Кировская область,процент,значение показателя за год,,2010,8.6
Кировская область,процент,значение показателя за год,,2011,8.3
Кировская область,процент,значение показателя за год,,2012,7.1
Кировская область,процент,значение показателя за год,,2013,5.6
Кировская область,процент,значение показателя за год,,2014,5.1
Кировская область,процент,значение показателя за год,,2015,5.3
Кировская область,процент,значение показателя за год,,2016,5.4
Кировская область,процент,значение показателя за год,,2017,5.3
Кировская область,процент,значение показателя за год,,2018,5.1
Нижегородская область,процент,значение показателя за год,,2010,7.7
Нижегородская область,процент,значение показателя за год,,2011,7.2
Нижегородская область,процент,значение показателя за год,,2012,5.4
Нижегородская область,процент,значение показателя за год,,2013,4.3
Нижегородская область,процент,значение показателя за год,,2014,4.2
Нижегородская область,процент,значение показателя за год,,2015,4.3
Нижегородская область,процент,значение показателя за год,,2016,4.3
Нижегородская область,процент,значение показателя за год,,2017,4.2
Нижегородская область,процент,значение показателя за год,,2018,4.2
Оренбургская область,процент,значение показателя за год,,2010,7.2
Оренбургская область,процент,значение показателя за год,,2011,6.3
Оренбургская область,процент,значение показателя за год,,2012,5.4
Оренбургская область,процент,значение показателя за год,,2013,4.9
Оренбургская область,процент,значение показателя за год,,2014,4.4
Оренбургская область,процент,значение показателя за год,,2015,4.8
Оренбургская область,процент,значение показателя за год,,2016,4.9
Оренбургская область,процент,значение показателя за год,,2017,4.6
Оренбургская область,процент,значение показателя за год,,2018,4.4
Пензенская область,процент,значение показателя за год,,2010,6.4
Пензенская область,процент,значение показателя за год,,2011,5.4
Пензенская область,процент,значение показателя за год,,2012,4.9
Пензенская область,процент,значение показателя за год,,2013,4.8
Пензенская область,процент,значение показателя за год,,2014,4.6
Пензенская область,процент,значение показателя за год,,2015,4.7
Пензенская область,процент,значение показателя за год,,2016,4.6
Пензенская область,процент,значение показателя за год,,2017,4.5
Пензенская область,процент,значение показателя за год,,2018,4.4
Самарская область,процент,значение показателя за год,,2010,5.8
Самарская область,процент,значение показателя за год,,2011,5.1
Самарская область,процент,значение показателя за год,,2012,3.4
Самарская область,процент,значение показателя за год,,2013,3.2
Самарская область,процент,значение показателя за год,,2014,3.0
Самарская область,процент,значение показателя за год,,2015,3.4
Самарская область,процент,значение показателя за год,,2016,4.1
Самарская область,процент,значение показателя за год,,2017,4.2
Самарская область,процент,значение показателя за год,,2018,3.7
Саратовская область,процент,значение показателя за год,,2010,6.3
Саратовская область,процент,значение показателя за год,,2011,6.0
Саратовская область,процент,значение показателя за год,,2012,5.4
Саратовская область,процент,значение показателя за год,,2013,5.2
Саратовская область,процент,значение показателя за год,,2014,4.6
Саратовская область,процент,значение показателя за год,,2015,4.7
Саратовская область,процент,значение показателя за год,,2016,5.1
Саратовская область,процент,значение показателя за год,,2017,4.8
Саратовская область,процент,значение показателя за год,,2018,5.0
Ульяновская область,процент,значение показателя за год,,2010,8.8
Ульяновская область,процент,значение показателя за год,,2011,6.8
Ульяновская область,процент,значение показателя за год,,2012,5.6
Ульяновская область,процент,значение показателя за год,,2013,5.5
Ульяновская область,процент,значение показателя за год,,2014,4.8
Ульяновская область,процент,значение показателя за год,,2015,4.9
Ульяновская область,процент,значение показателя за год,,2016,4.6
Ульяновская область,процент,значение показателя за год,,2017,4.4
Ульяновская область,процент,значение показателя за год,,2018,3.7
Уральский федеральный округ,процент,значение показателя за год,,2010,8.0
Уральский федеральный округ,процент,значение показателя за год,,2011,6.8
Уральский федеральный округ,процент,значение показателя за год,,2012,6.0
Уральский федеральный округ,процент,значение показателя за год,,2013,5.7
Уральский федеральный округ,процент,значение показателя за год,,2014,5.8
Уральский федеральный округ,процент,значение показателя за год,,2015,6.2
Уральский федеральный округ,процент,значение показателя за год,,2016,6.1
Уральский федеральный округ,процент,значение показателя за год,,2017,5.6
Уральский федеральный округ,процент,значение показателя за год,,2018,4.7
Курганская область,процент,значение показателя за год,,2010,12.1
Курганская область,процент,значение показателя за год,,2011,10.0
Курганская область,процент,значение показателя за год,,2012,8.7
Курганская область,процент,значение показателя за год,,2013,7.5
Курганская область,процент,значение показателя за год,,2014,7.0
Курганская область,процент,значение показателя за год,,2015,7.5
Курганская область,процент,значение показателя за год,,2016,8.4
Курганская область,процент,значение показателя за год,,2017,9.1
Курганская область,процент,значение показателя за год,,2018,8.0
Свердловская область,процент,значение показателя за год,,2010,8.4
Свердловская область,процент,значение показателя за год,,2011,7.2
Свердловская область,процент,значение показателя за год,,2012,5.8
Свердловская область,процент,значение показателя за год,,2013,5.9
Свердловская область,процент,значение показателя за год,,2014,6.1
Свердловская область,процент,значение показателя за год,,2015,6.5
Свердловская область,процент,значение показателя за год,,2016,6.2
Свердловская область,процент,значение показателя за год,,2017,5.5
Свердловская область,процент,значение показателя за год,,2018,4.8
Тюменская область,процент,значение показателя за год,,2010,6.9
Тюменская область,процент,значение показателя за год,,2011,5.8
Тюменская область,процент,значение показателя за год,,2012,5.2
Тюменская область,процент,значение показателя за год,,2013,4.7
Тюменская область,процент,значение показателя за год,,2014,4.7
Тюменская область,процент,значение показателя за год,,2015,4.9
Тюменская область,процент,значение показателя за год,,2016,4.6
Тюменская область,процент,значение показателя за год,,2017,3.9
Тюменская область,процент,значение показателя за год,,2018,3.2
Ханты-Мансийский автономный округ - Югра (Тюменская область),процент,значение показателя за год,,2010,7.5
Ханты-Мансийский автономный округ - Югра (Тюменская область),процент,значение показателя за год,,2011,6.3
Ханты-Мансийский автономный округ - Югра (Тюменская область),процент,значение показателя за год,,2012,5.5
Ханты-Мансийский автономный округ - Югра (Тюменская область),процент,значение показателя за год,,2013,4.9
Ханты-Мансийский автономный округ - Югра (Тюменская область),процент,значение показателя за год,,2014,4.6
Ханты-Мансийский автономный округ - Югра (Тюменская область),процент,значение показателя за год,,2015,4.4
Ханты-Мансийский автономный округ - Югра (Тюменская область),процент,значение показателя за год,,2016,4.5
Ханты-Мансийский автономный округ - Югра (Тюменская область),процент,значение показателя за год,,2017,3.3
Ханты-Мансийский автономный округ - Югра (Тюменская область),процент,значение показателя за год,,2018,2.5
Ямало-Ненецкий автономный округ (Тюменская область),процент,значение показателя за год,,2010,4.3
Ямало-Ненецкий автономный округ (Тюменская область),процент,значение показателя за год,,2011,3.5
Ямало-Ненецкий автономный округ (Тюменская область),процент,значение показателя за год,,2012,3.4
Ямало-Ненецкий автономный округ (Тюменская область),процент,значение показателя за год,,2013,3.2
Ямало-Ненецкий автономный округ (Тюменская область),процент,значение показателя за год,,2014,3.1
Ямало-Ненецкий автономный округ (Тюменская область),процент,значение показателя за год,,2015,3.6
Ямало-Ненецкий автономный округ (Тюменская область),процент,значение показателя за год,,2016,2.6
Ямало-Ненецкий автономный округ (Тюменская область),процент,значение показателя за год,,2017,3.2
Ямало-Ненецкий автономный округ (Тюменская область),процент,значение показателя за год,,2018,2.1
Тюменская область (без АО),процент,значение показателя за год,,2013,5.2
Тюменская область (без АО),процент,значение показателя за год,,2014,5.5
Тюменская область (без АО),процент,значение показателя за год,,2015,6.2
Тюменская область (без АО),процент,значение показателя за год,,2016,5.6
Тюменская область (кроме Ханты-Мансийского автономного округа-Югры и Ямало-Ненецкого автономного округа),процент,значение показателя за год,,2016,5.6
Тюменская область (кроме Ханты-Мансийского автономного округа-Югры и Ямало-Ненецкого автономного округа),процент,значение показателя за год,,2017,5.0
Тюменская область (кроме Ханты-Мансийского автономного округа-Югры и Ямало-Ненецкого автономного округа),процент,значение показателя за год,,2018,4.5
Челябинская область,процент,значение показателя за год,,2010,7.5
Челябинская область,процент,значение показателя за год,,2011,6.6
Челябинская область,процент,значение показателя за год,,2012,6.4
Челябинская область,процент,значение показателя за год,,2013,6.0
Челябинская область,процент,значение показателя за год,,2014,6.2
Челябинская область,процент,значение показателя за год,,2015,7.0
Челябинская область,процент,значение показателя за год,,2016,7.1
Челябинская область,процент,значение показателя за год,,2017,6.6
Челябинская область,процент,значение показателя за год,,2018,5.6
Сибирский федеральный округ (до 03.11.2018),процент,значение показателя за год,,2010,8.7
Сибирский федеральный округ (до 03.11.2018),процент,значение показателя за год,,2011,8.1
Сибирский федеральный округ (до 03.11.2018),процент,значение показателя за год,,2012,7.1
Сибирский федеральный округ (до 03.11.2018),процент,значение показателя за год,,2013,7.2
Сибирский федеральный округ (до 03.11.2018),процент,значение показателя за год,,2014,7.0
Сибирский федеральный округ (до 03.11.2018),процент,значение показателя за год,,2015,7.7
Сибирский федеральный округ (до 03.11.2018),процент,значение показателя за год,,2016,8.0
Сибирский федеральный округ (до 03.11.2018),процент,значение показателя за год,,2017,7.3
Сибирский федеральный округ (до 03.11.2018),процент,значение показателя за год,,2018,6.8
Дальневосточный федеральный округ (до 03.11.2018),процент,значение показателя за год,,2010,8.6
Дальневосточный федеральный округ (до 03.11.2018),процент,значение показателя за год,,2011,7.4
Дальневосточный федеральный округ (до 03.11.2018),процент,значение показателя за год,,2012,6.7
Дальневосточный федеральный округ (до 03.11.2018),процент,значение показателя за год,,2013,6.5
Дальневосточный федеральный округ (до 03.11.2018),процент,значение показателя за год,,2014,6.4
Дальневосточный федеральный округ (до 03.11.2018),процент,значение показателя за год,,2015,6.3
Дальневосточный федеральный округ (до 03.11.2018),процент,значение показателя за год,,2016,5.8
Дальневосточный федеральный округ (до 03.11.2018),процент,значение показателя за год,,2017,5.6
Дальневосточный федеральный округ (до 03.11.2018),процент,значение показателя за год,,2018,5.3
Крымский федеральный округ,процент,значение показателя за год,,2015,7.4
Крымский федеральный округ,процент,значение показателя за год,,2016,6.7
Республика Алтай,процент,значение показателя за год,,2010,12.2
Республика Алтай,процент,значение показателя за год,,2011,12.8
Республика Алтай,процент,значение показателя за год,,2012,11.6
Республика Алтай,процент,значение показателя за год,,2013,11.5
Республика Алтай,процент,значение показателя за год,,2014,10.4
Республика Алтай,процент,значение показателя за год,,2015,9.7
Республика Алтай,процент,значение показателя за год,,2016,12.0
Республика Алтай,процент,значение показателя за год,,2017,12.0
Республика Алтай,процент,значение показателя за год,,2018,11.2
Республика Тыва,процент,значение показателя за год,,2010,21.7
Республика Тыва,процент,значение показателя за год,,2011,17.3
Республика Тыва,процент,значение показателя за год,,2012,18.4
Республика Тыва,процент,значение показателя за год,,2013,19.3
Республика Тыва,процент,значение показателя за год,,2014,19.1
Республика Тыва,процент,значение показателя за год,,2015,18.6
Республика Тыва,процент,значение показателя за год,,2016,16.6
Республика Тыва,процент,значение показателя за год,,2017,18.3
Республика Тыва,процент,значение показателя за год,,2018,14.8
Республика Хакасия,процент,значение показателя за год,,2010,9.1
Республика Хакасия,процент,значение показателя за год,,2011,7.2
Республика Хакасия,процент,значение показателя за год,,2012,7.9
Республика Хакасия,процент,значение показателя за год,,2013,6.0
Республика Хакасия,процент,значение показателя за год,,2014,6.2
Республика Хакасия,процент,значение показателя за год,,2015,5.8
Республика Хакасия,процент,значение показателя за год,,2016,6.3
Республика Хакасия,процент,значение показателя за год,,2017,4.9
Республика Хакасия,процент,значение показателя за год,,2018,5.2
Алтайский край,процент,значение показателя за год,,2010,8.8
Алтайский край,процент,значение показателя за год,,2011,8.5
Алтайский край,процент,значение показателя за год,,2012,6.2
Алтайский край,процент,значение показателя за год,,2013,8.3
Алтайский край,процент,значение показателя за год,,2014,7.2
Алтайский край,процент,значение показателя за год,,2015,8.0
Алтайский край,процент,значение показателя за год,,2016,8.6
Алтайский край,процент,значение показателя за год,,2017,6.9
Алтайский край,процент,значение показателя за год,,2018,6.1
Красноярский край,процент,значение показателя за год,,2010,6.2
Красноярский край,процент,значение показателя за год,,2011,6.0
Красноярский край,процент,значение показателя за год,,2012,5.5
Красноярский край,процент,значение показателя за год,,2013,5.7
Красноярский край,процент,значение показателя за год,,2014,5.0
Красноярский край,процент,значение показателя за год,,2015,6.2
Красноярский край,процент,значение показателя за год,,2016,6.1
Красноярский край,процент,значение показателя за год,,2017,5.7
Красноярский край,процент,значение показателя за год,,2018,4.9
Иркутская область,процент,значение показателя за год,,2010,10.1
Иркутская область,процент,значение показателя за год,,2011,9.1
Иркутская область,процент,значение показателя за год,,2012,7.8
Иркутская область,процент,значение показателя за год,,2013,8.3
Иркутская область,процент,значение показателя за год,,2014,8.8
Иркутская область,процент,значение показателя за год,,2015,8.2
Иркутская область,процент,значение показателя за год,,2016,8.8
Иркутская область,процент,значение показателя за год,,2017,8.7
Иркутская область,процент,значение показателя за год,,2018,7.6
Кемеровская область - Кузбасс,процент,значение показателя за год,,2010,8.9
Кемеровская область - Кузбасс,процент,значение показателя за год,,2011,8.1
Кемеровская область - Кузбасс,процент,значение показателя за год,,2012,7.1
Кемеровская область - Кузбасс,процент,значение показателя за год,,2013,6.0
Кемеровская область - Кузбасс,процент,значение показателя за год,,2014,6.2
Кемеровская область - Кузбасс,процент,значение показателя за год,,2015,7.7
Кемеровская область - Кузбасс,процент,значение показателя за год,,2016,7.9
Кемеровская область - Кузбасс,процент,значение показателя за год,,2017,7.1
Кемеровская область - Кузбасс,процент,значение показателя за год,,2018,6.1
Новосибирская область,процент,значение показателя за год,,2010,7.7
Новосибирская область,процент,значение показателя за год,,2011,6.8
Новосибирская область,процент,значение показателя за год,,2012,5.6
Новосибирская область,процент,значение показателя за год,,2013,5.9
Новосибирская область,процент,значение показателя за год,,2014,5.1
Новосибирская область,процент,значение показателя за год,,2015,6.9
Новосибирская область,процент,значение показателя за год,,2016,7.4
Новосибирская область,процент,значение показателя за год,,2017,6.0
Новосибирская область,процент,значение показателя за год,,2018,6.7
Омская область,процент,значение показателя за год,,2010,8.1
Омская область,процент,значение показателя за год,,2011,7.9
Омская область,процент,значение показателя за год,,2012,6.9
Омская область,процент,значение показателя за год,,2013,6.8
Омская область,процент,значение показателя за год,,2014,6.7
Омская область,процент,значение показателя за год,,2015,6.8
Омская область,процент,значение показателя за год,,2016,7.2
Омская область,процент,значение показателя за год,,2017,7.0
Омская область,процент,значение показателя за год,,2018,6.8
Томская область,процент,значение показателя за год,,2010,7.7
Томская область,процент,значение показателя за год,,2011,9.1
Томская область,процент,значение показателя за год,,2012,8.4
Томская область,процент,значение показателя за год,,2013,7.6
Томская область,процент,значение показателя за год,,2014,7.6
Томская область,процент,значение показателя за год,,2015,7.7
Томская область,процент,значение показателя за год,,2016,7.2
Томская область,процент,значение показателя за год,,2017,6.3
Томская область,процент,значение показателя за год,,2018,6.3
Республика Бурятия,процент,значение показателя за год,,2010,10.4
Республика Бурятия,процент,значение показателя за год,,2011,9.0
Республика Бурятия,процент,значение показателя за год,,2012,7.9
Республика Бурятия,процент,значение показателя за год,,2013,8.0
Республика Бурятия,процент,значение показателя за год,,2014,8.4
Республика Бурятия,процент,значение показателя за год,,2015,9.2
Республика Бурятия,процент,значение показателя за год,,2016,9.6
Республика Бурятия,процент,значение показателя за год,,2017,9.6
Республика Бурятия,процент,значение показателя за год,,2018,9.3
Забайкальский край,процент,значение показателя за год,,2010,11.1
Забайкальский край,процент,значение показателя за год,,2011,10.6
Забайкальский край,процент,значение показателя за год,,2012,10.6
Забайкальский край,процент,значение показателя за год,,2013,10.5
Забайкальский край,процент,значение показателя за год,,2014,10.0
Забайкальский край,процент,значение показателя за год,,2015,10.4
Забайкальский край,процент,значение показателя за год,,2016,10.8
Забайкальский край,процент,значение показателя за год,,2017,10.7
Забайкальский край,процент,значение показателя за год,,2018,10.2
Республика Саха (Якутия),процент,значение показателя за год,,2010,8.9
Республика Саха (Якутия),процент,значение показателя за год,,2011,9.0
Республика Саха (Якутия),процент,значение показателя за год,,2012,8.0
Республика Саха (Якутия),процент,значение показателя за год,,2013,7.4
Республика Саха (Якутия),процент,значение показателя за год,,2014,7.4
Республика Саха (Якутия),процент,значение показателя за год,,2015,7.3
Республика Саха (Якутия),процент,значение показателя за год,,2016,7.2
Республика Саха (Якутия),процент,значение показателя за год,,2017,7.1
Республика Саха (Якутия),процент,значение показателя за год,,2018,6.9
Камчатский край,процент,значение показателя за год,,2010,7.0
Камчатский край,процент,значение показателя за год,,2011,6.1
Камчатский край,процент,значение показателя за год,,2012,5.8
Камчатский край,процент,значение показателя за год,,2013,5.7
Камчатский край,процент,значение показателя за год,,2014,6.1
Камчатский край,процент,значение показателя за год,,2015,4.5
Камчатский край,процент,значение показателя за год,,2016,4.1
Камчатский край,процент,значение показателя за год,,2017,4.3
Камчатский край,процент,значение показателя за год,,2018,4.9
Приморский край,процент,значение показателя за год,,2010,9.5
Приморский край,процент,значение показателя за год,,2011,8.0
Приморский край,процент,значение показателя за год,,2012,6.9
Приморский край,процент,значение показателя за год,,2013,7.1
Приморский край,процент,значение показателя за год,,2014,6.9
Приморский край,процент,значение показателя за год,,2015,6.9
Приморский край,процент,значение показателя за год,,2016,6.0
Приморский край,процент,значение показателя за год,,2017,5.4
Приморский край,процент,значение показателя за год,,2018,5.4
Хабаровский край,процент,значение показателя за год,,2010,8.9
Хабаровский край,процент,значение показателя за год,,2011,6.6
Хабаровский край,процент,значение показателя за год,,2012,6.4
Хабаровский край,процент,значение показателя за год,,2013,5.7
Хабаровский край,процент,значение показателя за год,,2014,5.9
Хабаровский край,процент,значение показателя за год,,2015,5.3
Хабаровский край,процент,значение показателя за год,,2016,5.0
Хабаровский край,процент,значение показателя за год,,2017,4.9
Хабаровский край,процент,значение показателя за год,,2018,3.8
Амурская область,процент,значение показателя за год,,2010,6.9
Амурская область,процент,значение показателя за год,,2011,6.0
Амурская область,процент,значение показателя за год,,2012,5.3
Амурская область,процент,значение показателя за год,,2013,6.1
Амурская область,процент,значение показателя за год,,2014,5.6
Амурская область,процент,значение показателя за год,,2015,5.8
Амурская область,процент,значение показателя за год,,2016,5.9
Амурская область,процент,значение показателя за год,,2017,5.9
Амурская область,процент,значение показателя за год,,2018,5.6
Магаданская область,процент,значение показателя за год,,2010,5.6
Магаданская область,процент,значение показателя за год,,2011,4.5
Магаданская область,процент,значение показателя за год,,2012,3.4
Магаданская область,процент,значение показателя за год,,2013,2.9
Магаданская область,процент,значение показателя за год,,2014,3.1
Магаданская область,процент,значение показателя за год,,2015,4.3
Магаданская область,процент,значение показателя за год,,2016,4.4
Магаданская область,процент,значение показателя за год,,2017,5.3
Магаданская область,процент,значение показателя за год,,2018,5.1
Сахалинская область,процент,значение показателя за год,,2010,8.9
Сахалинская область,процент,значение показателя за год,,2011,7.9
Сахалинская область,процент,значение показателя за год,,2012,7.7
Сахалинская область,процент,значение показателя за год,,2013,7.2
Сахалинская область,процент,значение показателя за год,,2014,6.5
Сахалинская область,процент,значение показателя за год,,2015,6.3
Сахалинская область,процент,значение показателя за год,,2016,6.3
Сахалинская область,процент,значение показателя за год,,2017,6.0
Сахалинская область,процент,значение показателя за год,,2018,5.3
Еврейская автономная область,процент,значение показателя за год,,2010,9.3
Еврейская автономная область,процент,значение показателя за год,,2011,8.5
Еврейская автономная область,процент,значение показателя за год,,2012,8.5
Еврейская автономная область,процент,значение показателя за год,,2013,8.3
Еврейская автономная область,процент,значение показателя за год,,2014,8.7
Еврейская автономная область,процент,значение показателя за год,,2015,7.9
Еврейская автономная область,процент,значение показателя за год,,2016,8.2
Еврейская автономная область,процент,значение показателя за год,,2017,8.3
Еврейская автономная область,процент,значение показателя за год,,2018,7.0
Чукотский автономный округ,процент,значение показателя за год,,2010,4.5
Чукотский автономный округ,процент,значение показателя за год,,2011,5.6
Чукотский автономный округ,процент,значение показателя за год,,2012,4.3
Чукотский автономный округ,процент,значение показателя за год,,2013,3.3
Чукотский автономный округ,процент,значение показателя за год,,2014,3.2
Чукотский автономный округ,процент,значение показателя за год,,2015,4.0
Чукотский автономный округ,процент,значение показателя за год,,2016,3.5
Чукотский автономный округ,процент,значение показателя за год,,2017,2.9
Чукотский автономный округ,процент,значение показателя за год,,2018,3.1
